DROP TABLE IF EXISTS Apparait CASCADE;
DROP TABLE IF EXISTS Apprend CASCADE;
DROP TABLE IF EXISTS Capacité CASCADE;
DROP TABLE IF EXISTS Efficacité CASCADE;
DROP TABLE IF EXISTS Est_doté CASCADE;
DROP TABLE IF EXISTS Est_pourvu CASCADE;
DROP TABLE IF EXISTS Evolue CASCADE;
DROP TABLE IF EXISTS Génération CASCADE;
DROP TABLE IF EXISTS Pokémon CASCADE;
DROP TABLE IF EXISTS Possède CASCADE;
DROP TABLE IF EXISTS Statistiques CASCADE;
DROP TABLE IF EXISTS Talents CASCADE;
DROP TABLE IF EXISTS Type CASCADE;

CREATE TABLE Apparait (
  Id_Pokémon integer NOT NULL DEFAULT '0',
  Id_Génération integer NOT NULL DEFAULT '0'
);

INSERT INTO Apparait (Id_Pokémon, Id_Génération) VALUES
(1, 1),
(2, 1),
(3, 1),
(4, 1),
(5, 1),
(6, 1),
(7, 1),
(8, 1),
(9, 1),
(10, 1),
(11, 1),
(12, 1),
(13, 1),
(14, 1),
(15, 1),
(16, 1),
(17, 1),
(18, 1),
(19, 1),
(20, 1),
(21, 1),
(22, 1),
(23, 1),
(24, 1),
(25, 1),
(26, 1),
(27, 1),
(28, 1),
(29, 1),
(30, 1),
(31, 1),
(32, 1),
(33, 1),
(34, 1),
(35, 1),
(36, 1),
(37, 1),
(38, 1),
(39, 1),
(40, 1),
(41, 1),
(42, 1),
(43, 1),
(44, 1),
(45, 1),
(46, 1),
(47, 1),
(48, 1),
(49, 1),
(50, 1),
(51, 1),
(52, 1),
(53, 1),
(54, 1),
(55, 1),
(56, 1),
(57, 1),
(58, 1),
(59, 1),
(60, 1),
(61, 1),
(62, 1),
(63, 1),
(64, 1),
(65, 1),
(66, 1),
(67, 1),
(68, 1),
(69, 1),
(70, 1),
(71, 1),
(72, 1),
(73, 1),
(74, 1),
(75, 1),
(76, 1),
(77, 1),
(78, 1),
(79, 1),
(80, 1),
(81, 1),
(82, 1),
(83, 1),
(84, 1),
(85, 1),
(86, 1),
(87, 1),
(88, 1),
(89, 1),
(90, 1),
(91, 1),
(92, 1),
(93, 1),
(94, 1),
(95, 1),
(96, 1),
(97, 1),
(98, 1),
(99, 1),
(100, 1),
(101, 1),
(102, 1),
(103, 1),
(104, 1),
(105, 1),
(106, 1),
(107, 1),
(108, 1),
(109, 1),
(110, 1),
(111, 1),
(112, 1),
(113, 1),
(114, 1),
(115, 1),
(116, 1),
(117, 1),
(118, 1),
(119, 1),
(120, 1),
(121, 1),
(122, 1),
(123, 1),
(124, 1),
(125, 1),
(126, 1),
(127, 1),
(128, 1),
(129, 1),
(130, 1),
(131, 1),
(132, 1),
(133, 1),
(134, 1),
(135, 1),
(136, 1),
(137, 1),
(138, 1),
(139, 1),
(140, 1),
(141, 1),
(142, 1),
(143, 1),
(144, 1),
(145, 1),
(146, 1),
(147, 1),
(148, 1),
(149, 1),
(150, 1),
(151, 1),
(152, 2),
(153, 2),
(154, 2),
(155, 2),
(156, 2),
(157, 2),
(158, 2),
(159, 2),
(160, 2),
(161, 2),
(162, 2),
(163, 2),
(164, 2),
(165, 2),
(166, 2),
(167, 2),
(168, 2),
(169, 2),
(170, 2),
(171, 2),
(172, 2),
(173, 2),
(174, 2),
(175, 2),
(176, 2),
(177, 2),
(178, 2),
(179, 2),
(180, 2),
(181, 2),
(182, 2),
(183, 2),
(184, 2),
(185, 2),
(186, 2),
(187, 2),
(188, 2),
(189, 2),
(190, 2),
(191, 2),
(192, 2),
(193, 2),
(194, 2),
(195, 2),
(196, 2),
(197, 2),
(198, 2),
(199, 2),
(200, 2),
(201, 2),
(202, 2),
(203, 2),
(204, 2),
(205, 2),
(206, 2),
(207, 2),
(208, 2),
(209, 2),
(210, 2),
(211, 2),
(212, 2),
(213, 2),
(214, 2),
(215, 2),
(216, 2),
(217, 2),
(218, 2),
(219, 2),
(220, 2),
(221, 2),
(222, 2),
(223, 2),
(224, 2),
(225, 2),
(226, 2),
(227, 2),
(228, 2),
(229, 2),
(230, 2),
(231, 2),
(232, 2),
(233, 2),
(234, 2),
(235, 2),
(236, 2),
(237, 2),
(238, 2),
(239, 2),
(240, 2),
(241, 2),
(242, 2),
(243, 2),
(244, 2),
(245, 2),
(246, 2),
(247, 2),
(248, 2),
(249, 2),
(250, 2),
(251, 2),
(252, 3),
(253, 3),
(254, 3),
(255, 3),
(256, 3),
(257, 3),
(258, 3),
(259, 3),
(260, 3),
(261, 3),
(262, 3),
(263, 3),
(264, 3),
(265, 3),
(266, 3),
(267, 3),
(268, 3),
(269, 3),
(270, 3),
(271, 3),
(272, 3),
(273, 3),
(274, 3),
(275, 3),
(276, 3),
(277, 3),
(278, 3),
(279, 3),
(280, 3),
(281, 3),
(282, 3),
(283, 3),
(284, 3),
(285, 3),
(286, 3),
(287, 3),
(288, 3),
(289, 3),
(290, 3),
(291, 3),
(292, 3),
(293, 3),
(294, 3),
(295, 3),
(296, 3),
(297, 3),
(298, 3),
(299, 3),
(300, 3),
(301, 3),
(302, 3),
(303, 3),
(304, 3),
(305, 3),
(306, 3),
(307, 3),
(308, 3),
(309, 3),
(310, 3),
(311, 3),
(312, 3),
(313, 3),
(314, 3),
(315, 3),
(316, 3),
(317, 3),
(318, 3),
(319, 3),
(320, 3),
(321, 3),
(322, 3),
(323, 3),
(324, 3),
(325, 3),
(326, 3),
(327, 3),
(328, 3),
(329, 3),
(330, 3),
(331, 3),
(332, 3),
(333, 3),
(334, 3),
(335, 3),
(336, 3),
(337, 3),
(338, 3),
(339, 3),
(340, 3),
(341, 3),
(342, 3),
(343, 3),
(344, 3),
(345, 3),
(346, 3),
(347, 3),
(348, 3),
(349, 3),
(350, 3),
(351, 3),
(352, 3),
(353, 3),
(354, 3),
(355, 3),
(356, 3),
(357, 3),
(358, 3),
(359, 3),
(360, 3),
(361, 3),
(362, 3),
(363, 3),
(364, 3),
(365, 3),
(366, 3),
(367, 3),
(368, 3),
(369, 3),
(370, 3),
(371, 3),
(372, 3),
(373, 3),
(374, 3),
(375, 3),
(376, 3),
(377, 3),
(378, 3),
(379, 3),
(380, 3),
(381, 3),
(382, 3),
(383, 3),
(384, 3),
(385, 3),
(386, 3),
(387, 4),
(388, 4),
(389, 4),
(390, 4),
(391, 4),
(392, 4),
(393, 4),
(394, 4),
(395, 4),
(396, 4),
(397, 4),
(398, 4),
(399, 4),
(400, 4),
(401, 4),
(402, 4),
(403, 4),
(404, 4),
(405, 4),
(406, 4),
(407, 4),
(408, 4),
(409, 4),
(410, 4),
(411, 4),
(412, 4),
(413, 4),
(414, 4),
(415, 4),
(416, 4),
(417, 4),
(418, 4),
(419, 4),
(420, 4),
(421, 4),
(422, 4),
(423, 4),
(424, 4),
(425, 4),
(426, 4),
(427, 4),
(428, 4),
(429, 4),
(430, 4),
(431, 4),
(432, 4),
(433, 4),
(434, 4),
(435, 4),
(436, 4),
(437, 4),
(438, 4),
(439, 4),
(440, 4),
(441, 4),
(442, 4),
(443, 4),
(444, 4),
(445, 4),
(446, 4),
(447, 4),
(448, 4),
(449, 4),
(450, 4),
(451, 4),
(452, 4),
(453, 4),
(454, 4),
(455, 4),
(456, 4),
(457, 4),
(458, 4),
(459, 4),
(460, 4),
(461, 4),
(462, 4),
(463, 4),
(464, 4),
(465, 4),
(466, 4),
(467, 4),
(468, 4),
(469, 4),
(470, 4),
(471, 4),
(472, 4),
(473, 4),
(474, 4),
(475, 4),
(476, 4),
(477, 4),
(478, 4),
(479, 4),
(480, 4),
(481, 4),
(482, 4),
(483, 4),
(484, 4),
(485, 4),
(486, 4),
(487, 4),
(488, 4),
(489, 4),
(490, 4),
(491, 4),
(492, 4),
(493, 4),
(494, 5),
(495, 5),
(496, 5),
(497, 5),
(498, 5),
(499, 5),
(500, 5),
(501, 5),
(502, 5),
(503, 5),
(504, 5),
(505, 5),
(506, 5),
(507, 5),
(508, 5),
(509, 5),
(510, 5),
(511, 5),
(512, 5),
(513, 5),
(514, 5),
(515, 5),
(516, 5),
(517, 5),
(518, 5),
(519, 5),
(520, 5),
(521, 5),
(522, 5),
(523, 5),
(524, 5),
(525, 5),
(526, 5),
(527, 5),
(528, 5),
(529, 5),
(530, 5),
(531, 5),
(532, 5),
(533, 5),
(534, 5),
(535, 5),
(536, 5),
(537, 5),
(538, 5),
(539, 5),
(540, 5),
(541, 5),
(542, 5),
(543, 5),
(544, 5),
(545, 5),
(546, 5),
(547, 5),
(548, 5),
(549, 5),
(550, 5),
(551, 5),
(552, 5),
(553, 5),
(554, 5),
(555, 5),
(556, 5),
(557, 5),
(558, 5),
(559, 5),
(560, 5),
(561, 5),
(562, 5),
(563, 5),
(564, 5),
(565, 5),
(566, 5),
(567, 5),
(568, 5),
(569, 5),
(570, 5),
(571, 5),
(572, 5),
(573, 5),
(574, 5),
(575, 5),
(576, 5),
(577, 5),
(578, 5),
(579, 5),
(580, 5),
(581, 5),
(582, 5),
(583, 5),
(584, 5),
(585, 5),
(586, 5),
(587, 5),
(588, 5),
(589, 5),
(590, 5),
(591, 5),
(592, 5),
(593, 5),
(594, 5),
(595, 5),
(596, 5),
(597, 5),
(598, 5),
(599, 5),
(600, 5),
(601, 5),
(602, 5),
(603, 5),
(604, 5),
(605, 5),
(606, 5),
(607, 5),
(608, 5),
(609, 5),
(610, 5),
(611, 5),
(612, 5),
(613, 5),
(614, 5),
(615, 5),
(616, 5),
(617, 5),
(618, 5),
(619, 5),
(620, 5),
(621, 5),
(622, 5),
(623, 5),
(624, 5),
(625, 5),
(626, 5),
(627, 5),
(628, 5),
(629, 5),
(630, 5),
(631, 5),
(632, 5),
(633, 5),
(634, 5),
(635, 5),
(636, 5),
(637, 5),
(638, 5),
(639, 5),
(640, 5),
(641, 5),
(642, 5),
(643, 5),
(644, 5),
(645, 5),
(646, 5),
(647, 5),
(648, 5),
(649, 5),
(650, 6),
(651, 6),
(652, 6),
(653, 6),
(654, 6),
(655, 6),
(656, 6),
(657, 6),
(658, 6),
(659, 6),
(660, 6),
(661, 6),
(662, 6),
(663, 6),
(664, 6),
(665, 6),
(666, 6),
(667, 6),
(668, 6),
(669, 6),
(670, 6),
(671, 6),
(672, 6),
(673, 6),
(674, 6),
(675, 6),
(676, 6),
(677, 6),
(678, 6),
(679, 6),
(680, 6),
(681, 6),
(682, 6),
(683, 6),
(684, 6),
(685, 6),
(686, 6),
(687, 6),
(688, 6),
(689, 6),
(690, 6),
(691, 6),
(692, 6),
(693, 6),
(694, 6),
(695, 6),
(696, 6),
(697, 6),
(698, 6),
(699, 6),
(700, 6),
(701, 6),
(702, 6),
(703, 6),
(704, 6),
(705, 6),
(706, 6),
(707, 6),
(708, 6),
(709, 6),
(710, 6),
(711, 6),
(712, 6),
(713, 6),
(714, 6),
(715, 6),
(716, 6),
(717, 6),
(718, 6),
(719, 6),
(720, 6),
(721, 6);

CREATE TABLE Apprend (
  Id_Pokémon integer NOT NULL DEFAULT '0',
  Id_Capacité integer NOT NULL DEFAULT '0'
);

INSERT INTO Apprend (Id_Pokémon, Id_Capacité) VALUES
(4, 5),
(5, 5),
(6, 5),
(4, 7),
(5, 7),
(6, 7),
(4, 9),
(5, 9),
(6, 9),
(4, 10),
(5, 10),
(6, 10),
(1, 13),
(1, 14),
(2, 14),
(3, 14),
(4, 14),
(5, 14),
(6, 14),
(1, 15),
(2, 15),
(3, 15),
(4, 15),
(5, 15),
(6, 15),
(6, 17),
(6, 19),
(1, 20),
(2, 20),
(3, 20),
(1, 22),
(2, 22),
(3, 22),
(4, 25),
(5, 25),
(6, 25),
(1, 29),
(2, 29),
(3, 29),
(4, 29),
(5, 29),
(6, 29),
(1, 33),
(2, 33),
(3, 33),
(1, 34),
(2, 34),
(3, 34),
(4, 34),
(5, 34),
(6, 34),
(1, 36),
(2, 36),
(3, 36),
(4, 36),
(5, 36),
(6, 36),
(1, 38),
(2, 38),
(3, 38),
(4, 38),
(5, 38),
(6, 38),
(4, 43),
(5, 43),
(6, 43),
(4, 44),
(1, 45),
(2, 45),
(3, 45),
(4, 45),
(5, 45),
(6, 45),
(3, 46),
(6, 46),
(4, 52),
(5, 52),
(6, 52),
(4, 53),
(5, 53),
(6, 53),
(3, 63),
(6, 63),
(4, 66),
(5, 66),
(6, 66),
(4, 68),
(5, 68),
(6, 68),
(4, 69),
(5, 69),
(6, 69),
(1, 70),
(2, 70),
(3, 70),
(4, 70),
(5, 70),
(6, 70),
(1, 72),
(2, 72),
(3, 72),
(1, 73),
(2, 73),
(3, 73),
(1, 74),
(2, 74),
(3, 74),
(1, 75),
(2, 75),
(3, 75),
(1, 76),
(2, 76),
(3, 76),
(6, 76),
(1, 77),
(2, 77),
(3, 77),
(1, 79),
(2, 79),
(3, 79),
(1, 80),
(3, 80),
(1, 81),
(2, 81),
(3, 81),
(4, 82),
(5, 82),
(6, 82),
(4, 83),
(5, 83),
(6, 83),
(3, 89),
(6, 89),
(6, 90),
(4, 91),
(5, 91),
(6, 91),
(1, 92),
(2, 92),
(3, 92),
(4, 92),
(5, 92),
(6, 92),
(1, 99),
(2, 99),
(3, 99),
(4, 99),
(5, 99),
(6, 99),
(1, 102),
(2, 102),
(3, 102),
(4, 102),
(5, 102),
(6, 102),
(1, 104),
(2, 104),
(3, 104),
(4, 104),
(5, 104),
(6, 104),
(4, 108),
(5, 108),
(6, 108),
(1, 111),
(2, 111),
(3, 111),
(4, 111),
(5, 111),
(6, 111),
(1, 113),
(2, 113),
(3, 113),
(1, 115),
(2, 115),
(3, 115),
(4, 115),
(5, 115),
(6, 115),
(1, 117),
(2, 117),
(3, 117),
(4, 117),
(5, 117),
(6, 117),
(1, 124),
(4, 126),
(5, 126),
(6, 126),
(4, 129),
(5, 129),
(6, 129),
(1, 130),
(4, 130),
(5, 130),
(6, 130),
(1, 133),
(1, 148),
(2, 148),
(3, 148),
(1, 156),
(2, 156),
(3, 156),
(4, 156),
(5, 156),
(6, 156),
(4, 157),
(5, 157),
(6, 157),
(4, 163),
(5, 163),
(6, 163),
(1, 164),
(2, 164),
(3, 164),
(4, 164),
(5, 164),
(6, 164),
(1, 173),
(2, 173),
(3, 173),
(4, 173),
(5, 173),
(6, 173),
(1, 174),
(2, 174),
(3, 174),
(4, 174),
(5, 174),
(6, 174),
(1, 182),
(2, 182),
(3, 182),
(4, 182),
(5, 182),
(6, 182),
(4, 184),
(5, 184),
(6, 184),
(4, 187),
(1, 188),
(2, 188),
(3, 188),
(1, 189),
(2, 189),
(3, 189),
(4, 189),
(5, 189),
(6, 189),
(3, 200),
(4, 200),
(5, 200),
(6, 200),
(6, 201),
(1, 202),
(2, 202),
(3, 202),
(1, 203),
(2, 203),
(3, 203),
(4, 203),
(5, 203),
(6, 203),
(1, 204),
(1, 207),
(2, 207),
(3, 207),
(4, 207),
(5, 207),
(6, 207),
(1, 210),
(2, 210),
(3, 210),
(4, 210),
(5, 210),
(6, 210),
(6, 211),
(1, 213),
(2, 213),
(3, 213),
(4, 213),
(5, 213),
(6, 213),
(1, 214),
(2, 214),
(3, 214),
(4, 214),
(5, 214),
(6, 214),
(1, 216),
(2, 216),
(3, 216),
(4, 216),
(5, 216),
(6, 216),
(1, 218),
(2, 218),
(3, 218),
(4, 218),
(5, 218),
(6, 218),
(1, 219),
(2, 219),
(3, 219),
(4, 223),
(5, 223),
(6, 223),
(4, 225),
(5, 225),
(6, 225),
(1, 230),
(2, 230),
(3, 230),
(4, 231),
(5, 231),
(6, 231),
(4, 232),
(5, 232),
(6, 232),
(1, 235),
(2, 235),
(3, 235),
(1, 237),
(2, 237),
(3, 237),
(4, 237),
(5, 237),
(6, 237),
(6, 239),
(1, 241),
(2, 241),
(3, 241),
(4, 241),
(5, 241),
(6, 241),
(4, 242),
(4, 246),
(1, 249),
(2, 249),
(3, 249),
(4, 249),
(5, 249),
(6, 249),
(4, 251),
(4, 257),
(5, 257),
(6, 257),
(4, 261),
(5, 261),
(6, 261),
(1, 263),
(2, 263),
(3, 263),
(4, 263),
(5, 263),
(6, 263),
(4, 264),
(5, 264),
(6, 264),
(1, 267),
(2, 267),
(3, 267),
(1, 275),
(4, 280),
(5, 280),
(6, 280),
(1, 282),
(2, 282),
(3, 282),
(1, 290),
(2, 290),
(3, 290),
(4, 290),
(5, 290),
(6, 290),
(6, 307),
(4, 314),
(6, 314),
(4, 315),
(5, 315),
(6, 315),
(4, 317),
(5, 317),
(6, 317),
(1, 320),
(1, 331),
(2, 331),
(3, 331),
(4, 332),
(5, 332),
(6, 332),
(3, 335),
(4, 337),
(5, 337),
(6, 337),
(3, 338),
(1, 345),
(4, 349),
(6, 355),
(1, 363),
(2, 363),
(3, 363),
(4, 363),
(5, 363),
(6, 363),
(6, 366),
(4, 374),
(5, 374),
(6, 374),
(1, 388),
(2, 388),
(3, 388),
(4, 394),
(6, 394),
(1, 402),
(2, 402),
(3, 402),
(6, 403),
(4, 406),
(5, 406),
(6, 406),
(4, 407),
(6, 411),
(1, 412),
(2, 412),
(3, 412),
(3, 416),
(6, 416),
(4, 421),
(5, 421),
(6, 421),
(4, 424),
(5, 424),
(6, 424),
(3, 431),
(6, 432),
(1, 437),
(1, 438),
(1, 445),
(2, 445),
(3, 445),
(4, 445),
(5, 445),
(6, 445),
(1, 447),
(2, 447),
(3, 447),
(6, 466),
(4, 468),
(5, 468),
(6, 468),
(1, 474),
(2, 474),
(3, 474),
(4, 481),
(5, 481),
(6, 481),
(4, 488),
(5, 488),
(6, 488),
(1, 496),
(2, 496),
(3, 496),
(4, 496),
(5, 496),
(6, 496),
(1, 497),
(2, 497),
(3, 497),
(4, 497),
(5, 497),
(6, 497),
(6, 507),
(4, 510),
(5, 510),
(6, 510),
(4, 517),
(5, 517),
(6, 517),
(4, 519),
(5, 519),
(6, 519),
(1, 520),
(2, 520),
(3, 520),
(3, 523),
(6, 523),
(6, 525),
(1, 526),
(2, 526),
(3, 526),
(4, 526),
(5, 526),
(3, 572),
(1, 580),
(1, 590),
(2, 590),
(3, 590),
(4, 590),
(5, 590),
(4, 612),
(5, 612);

CREATE TABLE Capacité (
  Id_Capacité integer NOT NULL DEFAULT '0',
  nom varchar(24) DEFAULT NULL,
  catégorie integer DEFAULT NULL,
  précision integer DEFAULT NULL,
  puissance integer DEFAULT NULL,
  pp integer DEFAULT NULL,
  Id_Type integer NOT NULL
);

INSERT INTO Capacité (Id_Capacité, nom, catégorie, précision, puissance, pp, Id_Type) VALUES
(1, 'pound', 2, 100, 40, 35, 1),
(2, 'karate-chop', 2, 100, 50, 25, 2),
(3, 'double-slap', 2, 85, 15, 10, 1),
(4, 'comet-punch', 2, 85, 18, 15, 1),
(5, 'mega-punch', 2, 85, 80, 20, 1),
(6, 'pay-day', 2, 100, 40, 20, 1),
(7, 'fire-punch', 2, 100, 75, 15, 10),
(8, 'ice-punch', 2, 100, 75, 15, 15),
(9, 'thunder-punch', 2, 100, 75, 15, 13),
(10, 'scratch', 2, 100, 40, 35, 1),
(11, 'vice-grip', 2, 100, 55, 30, 1),
(12, 'guillotine', 2, 30, 0, 5, 1),
(13, 'razor-wind', 3, 100, 80, 10, 1),
(14, 'swords-dance', 1, 0, 0, 20, 1),
(15, 'cut', 2, 95, 50, 30, 1),
(16, 'gust', 3, 100, 40, 35, 3),
(17, 'wing-attack', 2, 100, 60, 35, 3),
(18, 'whirlwind', 1, 0, 0, 20, 1),
(19, 'fly', 2, 95, 90, 15, 3),
(20, 'bind', 2, 85, 15, 20, 1),
(21, 'slam', 2, 75, 80, 20, 1),
(22, 'vine-whip', 2, 100, 45, 25, 12),
(23, 'stomp', 2, 100, 65, 20, 1),
(24, 'double-kick', 2, 100, 30, 30, 2),
(25, 'mega-kick', 2, 75, 120, 5, 1),
(26, 'jump-kick', 2, 95, 100, 10, 2),
(27, 'rolling-kick', 2, 85, 60, 15, 2),
(28, 'sand-attack', 1, 100, 0, 15, 5),
(29, 'headbutt', 2, 100, 70, 15, 1),
(30, 'horn-attack', 2, 100, 65, 25, 1),
(31, 'fury-attack', 2, 85, 15, 20, 1),
(32, 'horn-drill', 2, 30, 0, 5, 1),
(33, 'tackle', 2, 100, 40, 35, 1),
(34, 'body-slam', 2, 100, 85, 15, 1),
(35, 'wrap', 2, 90, 15, 20, 1),
(36, 'take-down', 2, 85, 90, 20, 1),
(37, 'thrash', 2, 100, 120, 10, 1),
(38, 'double-edge', 2, 100, 120, 15, 1),
(39, 'tail-whip', 1, 100, 0, 30, 1),
(40, 'poison-sting', 2, 100, 15, 35, 4),
(41, 'twineedle', 2, 100, 25, 20, 7),
(42, 'pin-missile', 2, 95, 25, 20, 7),
(43, 'leer', 1, 100, 0, 30, 1),
(44, 'bite', 2, 100, 60, 25, 17),
(45, 'growl', 1, 100, 0, 40, 1),
(46, 'roar', 1, 0, 0, 20, 1),
(47, 'sing', 1, 55, 0, 15, 1),
(48, 'supersonic', 1, 55, 0, 20, 1),
(49, 'sonic-boom', 3, 90, 0, 20, 1),
(50, 'disable', 1, 100, 0, 20, 1),
(51, 'acid', 3, 100, 40, 30, 4),
(52, 'ember', 3, 100, 40, 25, 10),
(53, 'flamethrower', 3, 100, 90, 15, 10),
(54, 'mist', 1, 0, 0, 30, 15),
(55, 'water-gun', 3, 100, 40, 25, 11),
(56, 'hydro-pump', 3, 80, 110, 5, 11),
(57, 'surf', 3, 100, 90, 15, 11),
(58, 'ice-beam', 3, 100, 90, 10, 15),
(59, 'blizzard', 3, 70, 110, 5, 15),
(60, 'psybeam', 3, 100, 65, 20, 14),
(61, 'bubble-beam', 3, 100, 65, 20, 11),
(62, 'aurora-beam', 3, 100, 65, 20, 15),
(63, 'hyper-beam', 3, 90, 150, 5, 1),
(64, 'peck', 2, 100, 35, 35, 3),
(65, 'drill-peck', 2, 100, 80, 20, 3),
(66, 'submission', 2, 80, 80, 20, 2),
(67, 'low-kick', 2, 100, 0, 20, 2),
(68, 'counter', 2, 100, 0, 20, 2),
(69, 'seismic-toss', 2, 100, 0, 20, 2),
(70, 'strength', 2, 100, 80, 15, 1),
(71, 'absorb', 3, 100, 20, 25, 12),
(72, 'mega-drain', 3, 100, 40, 15, 12),
(73, 'leech-seed', 1, 90, 0, 10, 12),
(74, 'growth', 1, 0, 0, 20, 1),
(75, 'razor-leaf', 2, 95, 55, 25, 12),
(76, 'solar-beam', 3, 100, 120, 10, 12),
(77, 'poison-powder', 1, 75, 0, 35, 4),
(78, 'stun-spore', 1, 75, 0, 30, 12),
(79, 'sleep-powder', 1, 75, 0, 15, 12),
(80, 'petal-dance', 3, 100, 120, 10, 12),
(81, 'string-shot', 1, 95, 0, 40, 7),
(82, 'dragon-rage', 3, 100, 0, 10, 16),
(83, 'fire-spin', 3, 85, 35, 15, 10),
(84, 'thunder-shock', 3, 100, 40, 30, 13),
(85, 'thunderbolt', 3, 100, 90, 15, 13),
(86, 'thunder-wave', 1, 90, 0, 20, 13),
(87, 'thunder', 3, 70, 110, 10, 13),
(88, 'rock-throw', 2, 90, 50, 15, 6),
(89, 'earthquake', 2, 100, 100, 10, 5),
(90, 'fissure', 2, 30, 0, 5, 5),
(91, 'dig', 2, 100, 80, 10, 5),
(92, 'toxic', 1, 90, 0, 10, 4),
(93, 'confusion', 3, 100, 50, 25, 14),
(94, 'psychic', 3, 100, 90, 10, 14),
(95, 'hypnosis', 1, 60, 0, 20, 14),
(96, 'meditate', 1, 0, 0, 40, 14),
(97, 'agility', 1, 0, 0, 30, 14),
(98, 'quick-attack', 2, 100, 40, 30, 1),
(99, 'rage', 2, 100, 20, 20, 1),
(100, 'teleport', 1, 0, 0, 20, 14),
(101, 'night-shade', 3, 100, 0, 15, 8),
(102, 'mimic', 1, 0, 0, 10, 1),
(103, 'screech', 1, 85, 0, 40, 1),
(104, 'double-team', 1, 0, 0, 15, 1),
(105, 'recover', 1, 0, 0, 10, 1),
(106, 'harden', 1, 0, 0, 30, 1),
(107, 'minimize', 1, 0, 0, 10, 1),
(108, 'smokescreen', 1, 100, 0, 20, 1),
(109, 'confuse-ray', 1, 100, 0, 10, 8),
(110, 'withdraw', 1, 0, 0, 40, 11),
(111, 'defense-curl', 1, 0, 0, 40, 1),
(112, 'barrier', 1, 0, 0, 20, 14),
(113, 'light-screen', 1, 0, 0, 30, 14),
(114, 'haze', 1, 0, 0, 30, 15),
(115, 'reflect', 1, 0, 0, 20, 14),
(116, 'focus-energy', 1, 0, 0, 30, 1),
(117, 'bide', 2, 0, 0, 10, 1),
(118, 'metronome', 1, 0, 0, 10, 1),
(119, 'mirror-move', 1, 0, 0, 20, 3),
(120, 'self-destruct', 2, 100, 200, 5, 1),
(121, 'egg-bomb', 2, 75, 100, 10, 1),
(122, 'lick', 2, 100, 30, 30, 8),
(123, 'smog', 3, 70, 30, 20, 4),
(124, 'sludge', 3, 100, 65, 20, 4),
(125, 'bone-club', 2, 85, 65, 20, 5),
(126, 'fire-blast', 3, 85, 110, 5, 10),
(127, 'waterfall', 2, 100, 80, 15, 11),
(128, 'clamp', 2, 85, 35, 15, 11),
(129, 'swift', 3, 0, 60, 20, 1),
(130, 'skull-bash', 2, 100, 130, 10, 1),
(131, 'spike-cannon', 2, 100, 20, 15, 1),
(132, 'constrict', 2, 100, 10, 35, 1),
(133, 'amnesia', 1, 0, 0, 20, 14),
(134, 'kinesis', 1, 80, 0, 15, 14),
(135, 'soft-boiled', 1, 0, 0, 10, 1),
(136, 'high-jump-kick', 2, 90, 130, 10, 2),
(137, 'glare', 1, 100, 0, 30, 1),
(138, 'dream-eater', 3, 100, 100, 15, 14),
(139, 'poison-gas', 1, 90, 0, 40, 4),
(140, 'barrage', 2, 85, 15, 20, 1),
(141, 'leech-life', 2, 100, 80, 10, 7),
(142, 'lovely-kiss', 1, 75, 0, 10, 1),
(143, 'sky-attack', 2, 90, 140, 5, 3),
(144, 'transform', 1, 0, 0, 10, 1),
(145, 'bubble', 3, 100, 40, 30, 11),
(146, 'dizzy-punch', 2, 100, 70, 10, 1),
(147, 'spore', 1, 100, 0, 15, 12),
(148, 'flash', 1, 100, 0, 20, 1),
(149, 'psywave', 3, 100, 0, 15, 14),
(150, 'splash', 1, 0, 0, 40, 1),
(151, 'acid-armor', 1, 0, 0, 20, 4),
(152, 'crabhammer', 2, 90, 100, 10, 11),
(153, 'explosion', 2, 100, 250, 5, 1),
(154, 'fury-swipes', 2, 80, 18, 15, 1),
(155, 'bonemerang', 2, 90, 50, 10, 5),
(156, 'rest', 1, 0, 0, 10, 14),
(157, 'rock-slide', 2, 90, 75, 10, 6),
(158, 'hyper-fang', 2, 90, 80, 15, 1),
(159, 'sharpen', 1, 0, 0, 30, 1),
(160, 'conversion', 1, 0, 0, 30, 1),
(161, 'tri-attack', 3, 100, 80, 10, 1),
(162, 'super-fang', 2, 90, 0, 10, 1),
(163, 'slash', 2, 100, 70, 20, 1),
(164, 'substitute', 1, 0, 0, 10, 1),
(165, 'struggle', 2, 0, 50, 1, 1),
(166, 'sketch', 1, 0, 0, 1, 1),
(167, 'triple-kick', 2, 90, 10, 10, 2),
(168, 'thief', 2, 100, 60, 25, 17),
(169, 'spider-web', 1, 0, 0, 10, 7),
(170, 'mind-reader', 1, 0, 0, 5, 1),
(171, 'nightmare', 1, 100, 0, 15, 8),
(172, 'flame-wheel', 2, 100, 60, 25, 10),
(173, 'snore', 3, 100, 50, 15, 1),
(174, 'curse', 1, 0, 0, 10, 8),
(175, 'flail', 2, 100, 0, 15, 1),
(176, 'conversion-2', 1, 0, 0, 30, 1),
(177, 'aeroblast', 3, 95, 100, 5, 3),
(178, 'cotton-spore', 1, 100, 0, 40, 12),
(179, 'reversal', 2, 100, 0, 15, 2),
(180, 'spite', 1, 100, 0, 10, 8),
(181, 'powder-snow', 3, 100, 40, 25, 15),
(182, 'protect', 1, 0, 0, 10, 1),
(183, 'mach-punch', 2, 100, 40, 30, 2),
(184, 'scary-face', 1, 100, 0, 10, 1),
(185, 'feinteger-attack', 2, 0, 60, 20, 17),
(186, 'sweet-kiss', 1, 75, 0, 10, 18),
(187, 'belly-drum', 1, 0, 0, 10, 1),
(188, 'sludge-bomb', 3, 100, 90, 10, 4),
(189, 'mud-slap', 3, 100, 20, 10, 5),
(190, 'octazooka', 3, 85, 65, 10, 11),
(191, 'spikes', 1, 0, 0, 20, 5),
(192, 'zap-cannon', 3, 50, 120, 5, 13),
(193, 'foresight', 1, 0, 0, 40, 1),
(194, 'destiny-bond', 1, 0, 0, 5, 8),
(195, 'perish-song', 1, 0, 0, 5, 1),
(196, 'icy-wind', 3, 95, 55, 15, 15),
(197, 'detect', 1, 0, 0, 5, 2),
(198, 'bone-rush', 2, 90, 25, 10, 5),
(199, 'lock-on', 1, 0, 0, 5, 1),
(200, 'outrage', 2, 100, 120, 10, 16),
(201, 'sandstorm', 1, 0, 0, 10, 6),
(202, 'giga-drain', 3, 100, 75, 10, 12),
(203, 'endure', 1, 0, 0, 10, 1),
(204, 'charm', 1, 100, 0, 20, 18),
(205, 'rollout', 2, 90, 30, 20, 6),
(206, 'false-swipe', 2, 100, 40, 40, 1),
(207, 'swagger', 1, 85, 0, 15, 1),
(208, 'milk-drink', 1, 0, 0, 10, 1),
(209, 'spark', 2, 100, 65, 20, 13),
(210, 'fury-cutter', 2, 95, 40, 20, 7),
(211, 'steel-wing', 2, 90, 70, 25, 9),
(212, 'mean-look', 1, 0, 0, 5, 1),
(213, 'attract', 1, 100, 0, 15, 1),
(214, 'sleep-talk', 1, 0, 0, 10, 1),
(215, 'heal-bell', 1, 0, 0, 5, 1),
(216, 'return', 2, 100, 0, 20, 1),
(217, 'present', 2, 90, 0, 15, 1),
(218, 'frustration', 2, 100, 0, 20, 1),
(219, 'safeguard', 1, 0, 0, 25, 1),
(220, 'pain-split', 1, 0, 0, 20, 1),
(221, 'sacred-fire', 2, 95, 100, 5, 10),
(222, 'magnitude', 2, 100, 0, 30, 5),
(223, 'dynamic-punch', 2, 50, 100, 5, 2),
(224, 'megahorn', 2, 85, 120, 10, 7),
(225, 'dragon-breath', 3, 100, 60, 20, 16),
(226, 'baton-pass', 1, 0, 0, 40, 1),
(227, 'encore', 1, 100, 0, 5, 1),
(228, 'pursuit', 2, 100, 40, 20, 17),
(229, 'rapid-spin', 2, 100, 20, 40, 1),
(230, 'sweet-scent', 1, 100, 0, 20, 1),
(231, 'iron-tail', 2, 75, 100, 15, 9),
(232, 'metal-claw', 2, 95, 50, 35, 9),
(233, 'vital-throw', 2, 0, 70, 10, 2),
(234, 'morning-sun', 1, 0, 0, 5, 1),
(235, 'synthesis', 1, 0, 0, 5, 12),
(236, 'moonlight', 1, 0, 0, 5, 18),
(237, 'hidden-power', 3, 100, 60, 15, 1),
(238, 'cross-chop', 2, 80, 100, 5, 2),
(239, 'twister', 3, 100, 40, 20, 16),
(240, 'rain-dance', 1, 0, 0, 5, 11),
(241, 'sunny-day', 1, 0, 0, 5, 10),
(242, 'crunch', 2, 100, 80, 15, 17),
(243, 'mirror-coat', 3, 100, 0, 20, 14),
(244, 'psych-up', 1, 0, 0, 10, 1),
(245, 'extreme-speed', 2, 100, 80, 5, 1),
(246, 'ancient-power', 3, 100, 60, 5, 6),
(247, 'shadow-ball', 3, 100, 80, 15, 8),
(248, 'future-sight', 3, 100, 120, 10, 14),
(249, 'rock-smash', 2, 100, 40, 15, 2),
(250, 'whirlpool', 3, 85, 35, 15, 11),
(251, 'beat-up', 2, 100, 0, 10, 17),
(252, 'fake-out', 2, 100, 40, 10, 1),
(253, 'uproar', 3, 100, 90, 10, 1),
(254, 'stockpile', 1, 0, 0, 20, 1),
(255, 'spit-up', 3, 100, 0, 10, 1),
(256, 'swallow', 1, 0, 0, 10, 1),
(257, 'heat-wave', 3, 90, 95, 10, 10),
(258, 'hail', 1, 0, 0, 10, 15),
(259, 'torment', 1, 100, 0, 15, 17),
(260, 'flatter', 1, 100, 0, 15, 17),
(261, 'will-o-wisp', 1, 85, 0, 15, 10),
(262, 'memento', 1, 100, 0, 10, 17),
(263, 'facade', 2, 100, 70, 20, 1),
(264, 'focus-punch', 2, 100, 150, 20, 2),
(265, 'smelling-salts', 2, 100, 70, 10, 1),
(266, 'follow-me', 1, 0, 0, 20, 1),
(267, 'nature-power', 1, 0, 0, 20, 1),
(268, 'charge', 1, 0, 0, 20, 13),
(269, 'taunt', 1, 100, 0, 20, 17),
(270, 'helping-hand', 1, 0, 0, 20, 1),
(271, 'trick', 1, 100, 0, 10, 14),
(272, 'role-play', 1, 0, 0, 10, 14),
(273, 'wish', 1, 0, 0, 10, 1),
(274, 'assist', 1, 0, 0, 20, 1),
(275, 'ingrain', 1, 0, 0, 20, 12),
(276, 'superpower', 2, 100, 120, 5, 2),
(277, 'magic-coat', 1, 0, 0, 15, 14),
(278, 'recycle', 1, 0, 0, 10, 1),
(279, 'revenge', 2, 100, 60, 10, 2),
(280, 'brick-break', 2, 100, 75, 15, 2),
(281, 'yawn', 1, 0, 0, 10, 1),
(282, 'knock-off', 2, 100, 65, 20, 17),
(283, 'endeavor', 2, 100, 0, 5, 1),
(284, 'eruption', 3, 100, 150, 5, 10),
(285, 'skill-swap', 1, 0, 0, 10, 14),
(286, 'imprison', 1, 0, 0, 10, 14),
(287, 'refresh', 1, 0, 0, 20, 1),
(288, 'grudge', 1, 0, 0, 5, 8),
(289, 'snatch', 1, 0, 0, 10, 17),
(290, 'secret-power', 2, 100, 70, 20, 1),
(291, 'dive', 2, 100, 80, 10, 11),
(292, 'arm-thrust', 2, 100, 15, 20, 2),
(293, 'camouflage', 1, 0, 0, 20, 1),
(294, 'tail-glow', 1, 0, 0, 20, 7),
(295, 'luster-purge', 3, 100, 70, 5, 14),
(296, 'mist-ball', 3, 100, 70, 5, 14),
(297, 'feather-dance', 1, 100, 0, 15, 3),
(298, 'teeter-dance', 1, 100, 0, 20, 1),
(299, 'blaze-kick', 2, 90, 85, 10, 10),
(300, 'mud-sport', 1, 0, 0, 15, 5),
(301, 'ice-ball', 2, 90, 30, 20, 15),
(302, 'needle-arm', 2, 100, 60, 15, 12),
(303, 'slack-off', 1, 0, 0, 10, 1),
(304, 'hyper-voice', 3, 100, 90, 10, 1),
(305, 'poison-fang', 2, 100, 50, 15, 4),
(306, 'crush-claw', 2, 95, 75, 10, 1),
(307, 'blast-burn', 3, 90, 150, 5, 10),
(308, 'hydro-cannon', 3, 90, 150, 5, 11),
(309, 'meteor-mash', 2, 90, 90, 10, 9),
(310, 'astonish', 2, 100, 30, 15, 8),
(311, 'weather-ball', 3, 100, 50, 10, 1),
(312, 'aromatherapy', 1, 0, 0, 5, 12),
(313, 'fake-tears', 1, 100, 0, 20, 17),
(314, 'air-cutter', 3, 95, 60, 25, 3),
(315, 'overheat', 3, 90, 130, 5, 10),
(316, 'odor-sleuth', 1, 0, 0, 40, 1),
(317, 'rock-tomb', 2, 95, 60, 15, 6),
(318, 'silver-wind', 3, 100, 60, 5, 7),
(319, 'metal-sound', 1, 85, 0, 40, 9),
(320, 'grass-whistle', 1, 55, 0, 15, 12),
(321, 'tickle', 1, 100, 0, 20, 1),
(322, 'cosmic-power', 1, 0, 0, 20, 14),
(323, 'water-spout', 3, 100, 150, 5, 11),
(324, 'signal-beam', 3, 100, 75, 15, 7),
(325, 'shadow-punch', 2, 0, 60, 20, 8),
(326, 'extrasensory', 3, 100, 80, 20, 14),
(327, 'sky-uppercut', 2, 90, 85, 15, 2),
(328, 'sand-tomb', 2, 85, 35, 15, 5),
(329, 'sheer-cold', 3, 30, 0, 5, 15),
(330, 'muddy-water', 3, 85, 90, 10, 11),
(331, 'bullet-seed', 2, 100, 25, 30, 12),
(332, 'aerial-ace', 2, 0, 60, 20, 3),
(333, 'icicle-spear', 2, 100, 25, 30, 15),
(334, 'iron-defense', 1, 0, 0, 15, 9),
(335, 'block', 1, 0, 0, 5, 1),
(336, 'howl', 1, 0, 0, 40, 1),
(337, 'dragon-claw', 2, 100, 80, 15, 16),
(338, 'frenzy-plant', 3, 90, 150, 5, 12),
(339, 'bulk-up', 1, 0, 0, 20, 2),
(340, 'bounce', 2, 85, 85, 5, 3),
(341, 'mud-shot', 3, 95, 55, 15, 5),
(342, 'poison-tail', 2, 100, 50, 25, 4),
(343, 'covet', 2, 100, 60, 25, 1),
(344, 'volt-tackle', 2, 100, 120, 15, 13),
(345, 'magical-leaf', 3, 0, 60, 20, 12),
(346, 'water-sport', 1, 0, 0, 15, 11),
(347, 'calm-mind', 1, 0, 0, 20, 14),
(348, 'leaf-blade', 2, 100, 90, 15, 12),
(349, 'dragon-dance', 1, 0, 0, 20, 16),
(350, 'rock-blast', 2, 90, 25, 10, 6),
(351, 'shock-wave', 3, 0, 60, 20, 13),
(352, 'water-pulse', 3, 100, 60, 20, 11),
(353, 'doom-desire', 3, 100, 140, 5, 9),
(354, 'psycho-boost', 3, 90, 140, 5, 14),
(355, 'roost', 1, 0, 0, 10, 3),
(356, 'gravity', 1, 0, 0, 5, 14),
(357, 'miracle-eye', 1, 0, 0, 40, 14),
(358, 'wake-up-slap', 2, 100, 70, 10, 2),
(359, 'hammer-arm', 2, 90, 100, 10, 2),
(360, 'gyro-ball', 2, 100, 0, 5, 9),
(361, 'healing-wish', 1, 0, 0, 10, 14),
(362, 'brine', 3, 100, 65, 10, 11),
(363, 'natural-gift', 2, 100, 0, 15, 1),
(364, 'feinteger', 2, 100, 30, 10, 1),
(365, 'pluck', 2, 100, 60, 20, 3),
(366, 'tailwind', 1, 0, 0, 15, 3),
(367, 'acupressure', 1, 0, 0, 30, 1),
(368, 'metal-burst', 2, 100, 0, 10, 9),
(369, 'u-turn', 2, 100, 70, 20, 7),
(370, 'close-combat', 2, 100, 120, 5, 2),
(371, 'payback', 2, 100, 50, 10, 17),
(372, 'assurance', 2, 100, 60, 10, 17),
(373, 'embargo', 1, 100, 0, 15, 17),
(374, 'fling', 2, 100, 0, 10, 17),
(375, 'psycho-shift', 1, 100, 0, 10, 14),
(376, 'trump-card', 3, 0, 0, 5, 1),
(377, 'heal-block', 1, 100, 0, 15, 14),
(378, 'wring-out', 3, 100, 0, 5, 1),
(379, 'power-trick', 1, 0, 0, 10, 14),
(380, 'gastro-acid', 1, 100, 0, 10, 4),
(381, 'lucky-chant', 1, 0, 0, 30, 1),
(382, 'me-first', 1, 0, 0, 20, 1),
(383, 'copycat', 1, 0, 0, 20, 1),
(384, 'power-swap', 1, 0, 0, 10, 14),
(385, 'guard-swap', 1, 0, 0, 10, 14),
(386, 'punishment', 2, 100, 0, 5, 17),
(387, 'last-resort', 2, 100, 140, 5, 1),
(388, 'worry-seed', 1, 100, 0, 10, 12),
(389, 'sucker-punch', 2, 100, 70, 5, 17),
(390, 'toxic-spikes', 1, 0, 0, 20, 4),
(391, 'heart-swap', 1, 0, 0, 10, 14),
(392, 'aqua-ring', 1, 0, 0, 20, 11),
(393, 'magnet-rise', 1, 0, 0, 10, 13),
(394, 'flare-blitz', 2, 100, 120, 15, 10),
(395, 'force-palm', 2, 100, 60, 10, 2),
(396, 'aura-sphere', 3, 0, 80, 20, 2),
(397, 'rock-polish', 1, 0, 0, 20, 6),
(398, 'poison-jab', 2, 100, 80, 20, 4),
(399, 'dark-pulse', 3, 100, 80, 15, 17),
(400, 'night-slash', 2, 100, 70, 15, 17),
(401, 'aqua-tail', 2, 90, 90, 10, 11),
(402, 'seed-bomb', 2, 100, 80, 15, 12),
(403, 'air-slash', 3, 95, 75, 15, 3),
(404, 'x-scissor', 2, 100, 80, 15, 7),
(405, 'bug-buzz', 3, 100, 90, 10, 7),
(406, 'dragon-pulse', 3, 100, 85, 10, 16),
(407, 'dragon-rush', 2, 75, 100, 10, 16),
(408, 'power-gem', 3, 100, 80, 20, 6),
(409, 'drain-punch', 2, 100, 75, 10, 2),
(410, 'vacuum-wave', 3, 100, 40, 30, 2),
(411, 'focus-blast', 3, 70, 120, 5, 2),
(412, 'energy-ball', 3, 100, 90, 10, 12),
(413, 'brave-bird', 2, 100, 120, 15, 3),
(414, 'earth-power', 3, 100, 90, 10, 5),
(415, 'switcheroo', 1, 100, 0, 10, 17),
(416, 'giga-impact', 2, 90, 150, 5, 1),
(417, 'nasty-plot', 1, 0, 0, 20, 17),
(418, 'bullet-punch', 2, 100, 40, 30, 9),
(419, 'avalanche', 2, 100, 60, 10, 15),
(420, 'ice-shard', 2, 100, 40, 30, 15),
(421, 'shadow-claw', 2, 100, 70, 15, 8),
(422, 'thunder-fang', 2, 95, 65, 15, 13),
(423, 'ice-fang', 2, 95, 65, 15, 15),
(424, 'fire-fang', 2, 95, 65, 15, 10),
(425, 'shadow-sneak', 2, 100, 40, 30, 8),
(426, 'mud-bomb', 3, 85, 65, 10, 5),
(427, 'psycho-cut', 2, 100, 70, 20, 14),
(428, 'zen-headbutt', 2, 90, 80, 15, 14),
(429, 'mirror-shot', 3, 85, 65, 10, 9),
(430, 'flash-cannon', 3, 100, 80, 10, 9),
(431, 'rock-climb', 2, 85, 90, 20, 1),
(432, 'defog', 1, 0, 0, 15, 3),
(433, 'trick-room', 1, 0, 0, 5, 14),
(434, 'draco-meteor', 3, 90, 130, 5, 16),
(435, 'discharge', 3, 100, 80, 15, 13),
(436, 'lava-plume', 3, 100, 80, 15, 10),
(437, 'leaf-storm', 3, 90, 130, 5, 12),
(438, 'power-whip', 2, 85, 120, 10, 12),
(439, 'rock-wrecker', 2, 90, 150, 5, 6),
(440, 'cross-poison', 2, 100, 70, 20, 4),
(441, 'gunk-shot', 2, 80, 120, 5, 4),
(442, 'iron-head', 2, 100, 80, 15, 9),
(443, 'magnet-bomb', 2, 0, 60, 20, 9),
(444, 'stone-edge', 2, 80, 100, 5, 6),
(445, 'captivate', 1, 100, 0, 20, 1),
(446, 'stealth-rock', 1, 0, 0, 20, 6),
(447, 'grass-knot', 3, 100, 0, 20, 12),
(448, 'chatter', 3, 100, 65, 20, 3),
(449, 'judgment', 3, 100, 100, 10, 1),
(450, 'bug-bite', 2, 100, 60, 20, 7),
(451, 'charge-beam', 3, 90, 50, 10, 13),
(452, 'wood-hammer', 2, 100, 120, 15, 12),
(453, 'aqua-jet', 2, 100, 40, 20, 11),
(454, 'attack-order', 2, 100, 90, 15, 7),
(455, 'defend-order', 1, 0, 0, 10, 7),
(456, 'heal-order', 1, 0, 0, 10, 7),
(457, 'head-smash', 2, 80, 150, 5, 6),
(458, 'double-hit', 2, 90, 35, 10, 1),
(459, 'roar-of-time', 3, 90, 150, 5, 16),
(460, 'spacial-rend', 3, 95, 100, 5, 16),
(461, 'lunar-dance', 1, 0, 0, 10, 14),
(462, 'crush-grip', 2, 100, 0, 5, 1),
(463, 'magma-storm', 3, 75, 100, 5, 10),
(464, 'dark-void', 1, 50, 0, 10, 17),
(465, 'seed-flare', 3, 85, 120, 5, 12),
(466, 'ominous-wind', 3, 100, 60, 5, 8),
(467, 'shadow-force', 2, 100, 120, 5, 8),
(468, 'hone-claws', 1, 0, 0, 15, 17),
(469, 'wide-guard', 1, 0, 0, 10, 6),
(470, 'guard-split', 1, 0, 0, 10, 14),
(471, 'power-split', 1, 0, 0, 10, 14),
(472, 'wonder-room', 1, 0, 0, 10, 14),
(473, 'psyshock', 3, 100, 80, 10, 14),
(474, 'venoshock', 3, 100, 65, 10, 4),
(475, 'autotomize', 1, 0, 0, 15, 9),
(476, 'rage-powder', 1, 0, 0, 20, 7),
(477, 'telekinesis', 1, 0, 0, 15, 14),
(478, 'magic-room', 1, 0, 0, 10, 14),
(479, 'smack-down', 2, 100, 50, 15, 6),
(480, 'storm-throw', 2, 100, 60, 10, 2),
(481, 'flame-burst', 3, 100, 70, 15, 10),
(482, 'sludge-wave', 3, 100, 95, 10, 4),
(483, 'quiver-dance', 1, 0, 0, 20, 7),
(484, 'heavy-slam', 2, 100, 0, 10, 9),
(485, 'synchronoise', 3, 100, 120, 10, 14),
(486, 'electro-ball', 3, 100, 0, 10, 13),
(487, 'soak', 1, 100, 0, 20, 11),
(488, 'flame-charge', 2, 100, 50, 20, 10),
(489, 'coil', 1, 0, 0, 20, 4),
(490, 'low-sweep', 2, 100, 65, 20, 2),
(491, 'acid-spray', 3, 100, 40, 20, 4),
(492, 'foul-play', 2, 100, 95, 15, 17),
(493, 'simple-beam', 1, 100, 0, 15, 1),
(494, 'entrainment', 1, 100, 0, 15, 1),
(495, 'after-you', 1, 0, 0, 15, 1),
(496, 'round', 3, 100, 60, 15, 1),
(497, 'echoed-voice', 3, 100, 40, 15, 1),
(498, 'chip-away', 2, 100, 70, 20, 1),
(499, 'clear-smog', 3, 0, 50, 15, 4),
(500, 'stored-power', 3, 100, 20, 10, 14),
(501, 'quick-guard', 1, 0, 0, 15, 2),
(502, 'ally-switch', 1, 0, 0, 15, 14),
(503, 'scald', 3, 100, 80, 15, 11),
(504, 'shell-smash', 1, 0, 0, 15, 1),
(505, 'heal-pulse', 1, 0, 0, 10, 14),
(506, 'hex', 3, 100, 65, 10, 8),
(507, 'sky-drop', 2, 100, 60, 10, 3),
(508, 'shift-gear', 1, 0, 0, 10, 9),
(509, 'circle-throw', 2, 90, 60, 10, 2),
(510, 'incinerate', 3, 100, 60, 15, 10),
(511, 'quash', 1, 100, 0, 15, 17),
(512, 'acrobatics', 2, 100, 55, 15, 3),
(513, 'reflect-type', 1, 0, 0, 15, 1),
(514, 'retaliate', 2, 100, 70, 5, 1),
(515, 'final-gambit', 3, 100, 0, 5, 2),
(516, 'bestow', 1, 0, 0, 15, 1),
(517, 'inferno', 3, 50, 100, 5, 10),
(518, 'water-pledge', 3, 100, 80, 10, 11),
(519, 'fire-pledge', 3, 100, 80, 10, 10),
(520, 'grass-pledge', 3, 100, 80, 10, 12),
(521, 'volt-switch', 3, 100, 70, 20, 13),
(522, 'struggle-bug', 3, 100, 50, 20, 7),
(523, 'bulldoze', 2, 100, 60, 20, 5),
(524, 'frost-breath', 3, 90, 60, 10, 15),
(525, 'dragon-tail', 2, 90, 60, 10, 16),
(526, 'work-up', 1, 0, 0, 30, 1),
(527, 'electroweb', 3, 95, 55, 15, 13),
(528, 'wild-charge', 2, 100, 90, 15, 13),
(529, 'drill-run', 2, 95, 80, 10, 5),
(530, 'dual-chop', 2, 90, 40, 15, 16),
(531, 'heart-stamp', 2, 100, 60, 25, 14),
(532, 'horn-leech', 2, 100, 75, 10, 12),
(533, 'sacred-sword', 2, 100, 90, 15, 2),
(534, 'razor-shell', 2, 95, 75, 10, 11),
(535, 'heat-crash', 2, 100, 0, 10, 10),
(536, 'leaf-tornado', 3, 90, 65, 10, 12),
(537, 'steamroller', 2, 100, 65, 20, 7),
(538, 'cotton-guard', 1, 0, 0, 10, 12),
(539, 'night-daze', 3, 95, 85, 10, 17),
(540, 'psystrike', 3, 100, 100, 10, 14),
(541, 'tail-slap', 2, 85, 25, 10, 1),
(542, 'hurricane', 3, 70, 110, 10, 3),
(543, 'head-charge', 2, 100, 120, 15, 1),
(544, 'gear-grind', 2, 85, 50, 15, 9),
(545, 'searing-shot', 3, 100, 100, 5, 10),
(546, 'techno-blast', 3, 100, 120, 5, 1),
(547, 'relic-song', 3, 100, 75, 10, 1),
(548, 'secret-sword', 3, 100, 85, 10, 2),
(549, 'glaciate', 3, 95, 65, 10, 15),
(550, 'bolt-strike', 2, 85, 130, 5, 13),
(551, 'blue-flare', 3, 85, 130, 5, 10),
(552, 'fiery-dance', 3, 100, 80, 10, 10),
(553, 'freeze-shock', 2, 90, 140, 5, 15),
(554, 'ice-burn', 3, 90, 140, 5, 15),
(555, 'snarl', 3, 95, 55, 15, 17),
(556, 'icicle-crash', 2, 90, 85, 10, 15),
(557, 'v-create', 2, 95, 180, 5, 10),
(558, 'fusion-flare', 3, 100, 100, 5, 10),
(559, 'fusion-bolt', 2, 100, 100, 5, 13),
(560, 'flying-press', 2, 95, 100, 10, 2),
(561, 'mat-block', 1, 0, 0, 10, 2),
(562, 'belch', 3, 90, 120, 10, 4),
(563, 'rototiller', 1, 0, 0, 10, 5),
(564, 'sticky-web', 1, 0, 0, 20, 7),
(565, 'fell-stinger', 2, 100, 50, 25, 7),
(566, 'phantom-force', 2, 100, 90, 10, 8),
(567, 'trick-or-treat', 1, 100, 0, 20, 8),
(568, 'noble-roar', 1, 100, 0, 30, 1),
(569, 'ion-deluge', 1, 0, 0, 25, 13),
(570, 'parabolic-charg', 3, 100, 65, 20, 13),
(571, 'forests-curse', 1, 100, 0, 20, 12),
(572, 'petal-blizzard', 2, 100, 90, 15, 12),
(573, 'freeze-dry', 3, 100, 70, 20, 15),
(574, 'disarming-voice', 3, 0, 40, 15, 18),
(575, 'parting-shot', 1, 100, 0, 20, 17),
(576, 'topsy-turvy', 1, 0, 0, 20, 17),
(577, 'draining-kiss', 3, 100, 50, 10, 18),
(578, 'crafty-shield', 1, 0, 0, 10, 18),
(579, 'flower-shield', 1, 0, 0, 10, 18),
(580, 'grassy-terrain', 1, 0, 0, 10, 12),
(581, 'misty-terrain', 1, 0, 0, 10, 18),
(582, 'electrify', 1, 0, 0, 20, 13),
(583, 'play-rough', 2, 90, 90, 10, 18),
(584, 'fairy-wind', 3, 100, 40, 30, 18),
(585, 'moonblast', 3, 100, 95, 15, 18),
(586, 'boomburst', 3, 100, 140, 10, 1),
(587, 'fairy-lock', 1, 0, 0, 10, 18),
(588, 'kings-shield', 1, 0, 0, 10, 9),
(589, 'play-nice', 1, 0, 0, 20, 1),
(590, 'confide', 1, 0, 0, 20, 1),
(591, 'diamond-storm', 2, 95, 100, 5, 6),
(592, 'steam-eruption', 3, 95, 110, 5, 11),
(593, 'hyperspace-hole', 3, 0, 80, 5, 14),
(594, 'water-shuriken', 3, 100, 15, 20, 11),
(595, 'mystical-fire', 3, 100, 75, 10, 10),
(596, 'spiky-shield', 1, 0, 0, 10, 12),
(597, 'aromatic-mist', 1, 0, 0, 20, 18),
(598, 'eerie-impulse', 1, 100, 0, 15, 13),
(599, 'venom-drench', 1, 100, 0, 20, 4),
(600, 'powder', 1, 100, 0, 20, 7),
(601, 'geomancy', 1, 0, 0, 10, 18),
(602, 'magnetic-flux', 1, 0, 0, 20, 13),
(603, 'happy-hour', 1, 0, 0, 30, 1),
(604, 'electric-terrai', 1, 0, 0, 10, 13),
(605, 'dazzling-gleam', 3, 100, 80, 10, 18),
(606, 'celebrate', 1, 0, 0, 40, 1),
(607, 'hold-hands', 1, 0, 0, 40, 1),
(608, 'baby-doll-eyes', 1, 100, 0, 30, 18),
(609, 'nuzzle', 2, 100, 20, 20, 13),
(610, 'hold-back', 2, 100, 40, 40, 1),
(611, 'infestation', 3, 100, 20, 20, 7),
(612, 'power-up-punch', 2, 100, 40, 20, 2),
(613, 'oblivion-wing', 3, 100, 80, 10, 3),
(614, 'thousand-arrows', 2, 100, 90, 10, 5),
(615, 'thousand-waves', 2, 100, 90, 10, 5),
(616, 'lands-wrath', 2, 100, 90, 10, 5),
(617, 'light-of-ruin', 3, 90, 140, 5, 18),
(618, 'origin-pulse', 3, 85, 110, 10, 11),
(619, 'precipice-blade', 2, 85, 120, 10, 5),
(620, 'dragon-ascent', 2, 100, 120, 5, 3),
(621, 'hyperspace-fury', 2, 0, 100, 5, 17),
(622, 'breakneck-blitz', 2, 0, 0, 1, 1),
(623, 'breakneck-blitz', 3, 0, 0, 1, 1),
(624, 'all-out-pummeli', 2, 0, 0, 1, 2),
(625, 'all-out-pummeli', 3, 0, 0, 1, 2),
(626, 'supersonic-skys', 2, 0, 0, 1, 3),
(627, 'supersonic-skys', 3, 0, 0, 1, 3),
(628, 'acid-downpour--', 2, 0, 0, 1, 4),
(629, 'acid-downpour--', 3, 0, 0, 1, 4),
(630, 'tectonic-rage--', 2, 0, 0, 1, 5),
(631, 'tectonic-rage--', 3, 0, 0, 1, 5),
(632, 'continental-cru', 2, 0, 0, 1, 6),
(633, 'continental-cru', 3, 0, 0, 1, 6),
(634, 'savage-spin-out', 2, 0, 0, 1, 7),
(635, 'savage-spin-out', 3, 0, 0, 1, 7),
(636, 'never-ending-ni', 2, 0, 0, 1, 8),
(637, 'never-ending-ni', 3, 0, 0, 1, 8),
(638, 'corkscrew-crash', 2, 0, 0, 1, 9),
(639, 'corkscrew-crash', 3, 0, 0, 1, 9),
(640, 'inferno-overdri', 2, 0, 0, 1, 10),
(641, 'inferno-overdri', 3, 0, 0, 1, 10),
(642, 'hydro-vortex--p', 2, 0, 0, 1, 11),
(643, 'hydro-vortex--s', 3, 0, 0, 1, 11),
(644, 'bloom-doom--phy', 2, 0, 0, 1, 12),
(645, 'bloom-doom--spe', 3, 0, 0, 1, 12),
(646, 'gigavolt-havoc-', 2, 0, 0, 1, 13),
(647, 'gigavolt-havoc-', 3, 0, 0, 1, 13),
(648, 'shattered-psych', 2, 0, 0, 1, 14),
(649, 'shattered-psych', 3, 0, 0, 1, 14),
(650, 'subzero-slammer', 2, 0, 0, 1, 15),
(651, 'subzero-slammer', 3, 0, 0, 1, 15),
(652, 'devastating-dra', 2, 0, 0, 1, 16),
(653, 'devastating-dra', 3, 0, 0, 1, 16),
(654, 'black-hole-ecli', 2, 0, 0, 1, 17),
(655, 'black-hole-ecli', 3, 0, 0, 1, 17),
(656, 'twinkle-tackle-', 2, 0, 0, 1, 18),
(657, 'twinkle-tackle-', 3, 0, 0, 1, 18),
(658, 'catastropika', 2, 0, 210, 1, 13),
(659, 'shore-up', 1, 0, 0, 10, 5),
(660, 'first-impressio', 2, 100, 90, 10, 7),
(661, 'baneful-bunker', 1, 0, 0, 10, 4),
(662, 'spirit-shackle', 2, 100, 80, 10, 8),
(663, 'darkest-lariat', 2, 100, 85, 10, 17),
(664, 'sparkling-aria', 3, 100, 90, 10, 11),
(665, 'ice-hammer', 2, 90, 100, 10, 15),
(666, 'floral-healing', 1, 0, 0, 10, 18),
(667, 'high-horsepower', 2, 95, 95, 10, 5),
(668, 'strength-sap', 1, 100, 0, 10, 12),
(669, 'solar-blade', 2, 100, 125, 10, 12),
(670, 'leafage', 2, 100, 40, 40, 12),
(671, 'spotlight', 1, 0, 0, 15, 1),
(672, 'toxic-thread', 1, 100, 0, 20, 4),
(673, 'laser-focus', 1, 0, 0, 30, 1),
(674, 'gear-up', 1, 0, 0, 20, 9),
(675, 'throat-chop', 2, 100, 80, 15, 17),
(676, 'pollen-puff', 3, 100, 90, 15, 7),
(677, 'anchor-shot', 2, 100, 80, 20, 9),
(678, 'psychic-terrain', 1, 0, 0, 10, 14),
(679, 'lunge', 2, 100, 80, 15, 7),
(680, 'fire-lash', 2, 100, 80, 15, 10),
(681, 'power-trip', 2, 100, 20, 10, 17),
(682, 'burn-up', 3, 100, 130, 5, 10),
(683, 'speed-swap', 1, 0, 0, 10, 14),
(684, 'smart-strike', 2, 0, 70, 10, 9),
(685, 'purify', 1, 0, 0, 20, 4),
(686, 'revelation-danc', 3, 100, 90, 15, 1),
(687, 'core-enforcer', 3, 100, 100, 10, 16),
(688, 'trop-kick', 2, 100, 70, 15, 12),
(689, 'instruct', 1, 0, 0, 15, 14),
(690, 'beak-blast', 2, 100, 100, 15, 3),
(691, 'clanging-scales', 3, 100, 110, 5, 16),
(692, 'dragon-hammer', 2, 100, 90, 15, 16),
(693, 'brutal-swing', 2, 100, 60, 20, 17),
(694, 'aurora-veil', 1, 0, 0, 20, 15),
(695, 'sinister-arrow-', 2, 0, 180, 1, 8),
(696, 'malicious-moons', 2, 0, 180, 1, 17),
(697, 'oceanic-operett', 3, 0, 195, 1, 11),
(698, 'guardian-of-alo', 3, 0, 0, 1, 18),
(699, 'soul-stealing-7', 2, 0, 195, 1, 8),
(700, 'stoked-sparksur', 3, 0, 175, 1, 13),
(701, 'pulverizing-pan', 2, 0, 210, 1, 1),
(702, 'extreme-evoboos', 1, 0, 0, 1, 1),
(703, 'genesis-superno', 3, 0, 185, 1, 14),
(704, 'shell-trap', 3, 100, 150, 5, 10),
(705, 'fleur-cannon', 3, 90, 130, 5, 18),
(706, 'psychic-fangs', 2, 100, 85, 10, 14),
(707, 'stomping-tantru', 2, 100, 75, 10, 5),
(708, 'shadow-bone', 2, 100, 85, 10, 8),
(709, 'accelerock', 2, 100, 40, 20, 6),
(710, 'liquidation', 2, 100, 85, 10, 11),
(711, 'prismatic-laser', 3, 100, 160, 10, 14),
(712, 'spectral-thief', 2, 100, 90, 10, 8),
(713, 'sunsteel-strike', 2, 100, 100, 5, 9),
(714, 'moongeist-beam', 3, 100, 100, 5, 8),
(715, 'tearful-look', 1, 0, 0, 20, 1),
(716, 'zing-zap', 2, 100, 80, 10, 13),
(717, 'natures-madness', 3, 90, 0, 10, 18),
(718, 'multi-attack', 2, 100, 90, 10, 1),
(719, '10-000-000-volt', 3, 0, 195, 1, 13),
(720, 'mind-blown', 3, 100, 150, 5, 10),
(721, 'plasma-fists', 2, 100, 100, 15, 13),
(722, 'photon-geyser', 3, 100, 100, 5, 14),
(723, 'light-that-burn', 3, 0, 200, 1, 14),
(724, 'searing-sunraze', 2, 0, 200, 1, 9),
(725, 'menacing-moonra', 3, 0, 200, 1, 8),
(726, 'lets-snuggle-fo', 2, 0, 190, 1, 18),
(727, 'splintegerered-stor', 2, 0, 190, 1, 6),
(728, 'clangorous-soul', 3, 0, 185, 1, 16),
(10001, 'shadow-rush', 2, 100, 55, 0, 10002),
(10002, 'shadow-blast', 2, 100, 80, 0, 10002),
(10003, 'shadow-blitz', 2, 100, 40, 0, 10002),
(10004, 'shadow-bolt', 3, 100, 75, 0, 10002),
(10005, 'shadow-break', 2, 100, 75, 0, 10002),
(10006, 'shadow-chill', 3, 100, 75, 0, 10002),
(10007, 'shadow-end', 2, 60, 120, 0, 10002),
(10008, 'shadow-fire', 3, 100, 75, 0, 10002),
(10009, 'shadow-rave', 3, 100, 70, 0, 10002),
(10010, 'shadow-storm', 3, 100, 95, 0, 10002),
(10011, 'shadow-wave', 3, 100, 50, 0, 10002),
(10012, 'shadow-down', 1, 100, 0, 0, 10002),
(10013, 'shadow-half', 3, 100, 0, 0, 10002),
(10014, 'shadow-hold', 1, 0, 0, 0, 10002),
(10015, 'shadow-mist', 1, 100, 0, 0, 10002),
(10016, 'shadow-panic', 1, 90, 0, 0, 10002),
(10017, 'shadow-shed', 1, 0, 0, 0, 10002),
(10018, 'shadow-sky', 1, 0, 0, 0, 10002);

CREATE TABLE Efficacité (
  Id_Type integer NOT NULL DEFAULT '0',
  Id_Type_1 integer NOT NULL DEFAULT '0',
  facteur_d_efficacité varchar(50) DEFAULT NULL
);

INSERT INTO Efficacité (Id_Type, Id_Type_1, facteur_d_efficacité) VALUES
(1, 1, '100'),
(1, 2, '100'),
(1, 3, '100'),
(1, 4, '100'),
(1, 5, '100'),
(1, 6, '50'),
(1, 7, '100'),
(1, 8, '0'),
(1, 9, '50'),
(1, 10, '100'),
(1, 11, '100'),
(1, 12, '100'),
(1, 13, '100'),
(1, 14, '100'),
(1, 15, '100'),
(1, 16, '100'),
(1, 17, '100'),
(1, 18, '100'),
(2, 1, '200'),
(2, 2, '100'),
(2, 3, '50'),
(2, 4, '50'),
(2, 5, '100'),
(2, 6, '200'),
(2, 7, '50'),
(2, 8, '0'),
(2, 9, '200'),
(2, 10, '100'),
(2, 11, '100'),
(2, 12, '100'),
(2, 13, '100'),
(2, 14, '50'),
(2, 15, '200'),
(2, 16, '100'),
(2, 17, '200'),
(2, 18, '50'),
(3, 1, '100'),
(3, 2, '200'),
(3, 3, '100'),
(3, 4, '100'),
(3, 5, '100'),
(3, 6, '50'),
(3, 7, '200'),
(3, 8, '100'),
(3, 9, '50'),
(3, 10, '100'),
(3, 11, '100'),
(3, 12, '200'),
(3, 13, '50'),
(3, 14, '100'),
(3, 15, '100'),
(3, 16, '100'),
(3, 17, '100'),
(3, 18, '100'),
(4, 1, '100'),
(4, 2, '100'),
(4, 3, '100'),
(4, 4, '50'),
(4, 5, '50'),
(4, 6, '50'),
(4, 7, '100'),
(4, 8, '50'),
(4, 9, '0'),
(4, 10, '100'),
(4, 11, '100'),
(4, 12, '200'),
(4, 13, '100'),
(4, 14, '100'),
(4, 15, '100'),
(4, 16, '100'),
(4, 17, '100'),
(4, 18, '200'),
(5, 1, '100'),
(5, 2, '100'),
(5, 3, '0'),
(5, 4, '200'),
(5, 5, '100'),
(5, 6, '200'),
(5, 7, '50'),
(5, 8, '100'),
(5, 9, '200'),
(5, 10, '200'),
(5, 11, '100'),
(5, 12, '50'),
(5, 13, '200'),
(5, 14, '100'),
(5, 15, '100'),
(5, 16, '100'),
(5, 17, '100'),
(5, 18, '100'),
(6, 1, '100'),
(6, 2, '50'),
(6, 3, '200'),
(6, 4, '100'),
(6, 5, '50'),
(6, 6, '100'),
(6, 7, '200'),
(6, 8, '100'),
(6, 9, '50'),
(6, 10, '200'),
(6, 11, '100'),
(6, 12, '100'),
(6, 13, '100'),
(6, 14, '100'),
(6, 15, '200'),
(6, 16, '100'),
(6, 17, '100'),
(6, 18, '100'),
(7, 1, '100'),
(7, 2, '50'),
(7, 3, '50'),
(7, 4, '50'),
(7, 5, '100'),
(7, 6, '100'),
(7, 7, '100'),
(7, 8, '50'),
(7, 9, '50'),
(7, 10, '50'),
(7, 11, '100'),
(7, 12, '200'),
(7, 13, '100'),
(7, 14, '200'),
(7, 15, '100'),
(7, 16, '100'),
(7, 17, '200'),
(7, 18, '50'),
(8, 1, '0'),
(8, 2, '100'),
(8, 3, '100'),
(8, 4, '100'),
(8, 5, '100'),
(8, 6, '100'),
(8, 7, '100'),
(8, 8, '200'),
(8, 9, '100'),
(8, 10, '100'),
(8, 11, '100'),
(8, 12, '100'),
(8, 13, '100'),
(8, 14, '200'),
(8, 15, '100'),
(8, 16, '100'),
(8, 17, '50'),
(8, 18, '100'),
(9, 1, '100'),
(9, 2, '100'),
(9, 3, '100'),
(9, 4, '100'),
(9, 5, '100'),
(9, 6, '200'),
(9, 7, '100'),
(9, 8, '100'),
(9, 9, '50'),
(9, 10, '50'),
(9, 11, '50'),
(9, 12, '100'),
(9, 13, '50'),
(9, 14, '100'),
(9, 15, '200'),
(9, 16, '100'),
(9, 17, '100'),
(9, 18, '200'),
(10, 1, '100'),
(10, 2, '100'),
(10, 3, '100'),
(10, 4, '100'),
(10, 5, '100'),
(10, 6, '50'),
(10, 7, '200'),
(10, 8, '100'),
(10, 9, '200'),
(10, 10, '50'),
(10, 11, '50'),
(10, 12, '200'),
(10, 13, '100'),
(10, 14, '100'),
(10, 15, '200'),
(10, 16, '50'),
(10, 17, '100'),
(10, 18, '100'),
(11, 1, '100'),
(11, 2, '100'),
(11, 3, '100'),
(11, 4, '100'),
(11, 5, '200'),
(11, 6, '200'),
(11, 7, '100'),
(11, 8, '100'),
(11, 9, '100'),
(11, 10, '200'),
(11, 11, '50'),
(11, 12, '50'),
(11, 13, '100'),
(11, 14, '100'),
(11, 15, '100'),
(11, 16, '50'),
(11, 17, '100'),
(11, 18, '100'),
(12, 1, '100'),
(12, 2, '100'),
(12, 3, '50'),
(12, 4, '50'),
(12, 5, '200'),
(12, 6, '200'),
(12, 7, '50'),
(12, 8, '100'),
(12, 9, '50'),
(12, 10, '50'),
(12, 11, '200'),
(12, 12, '50'),
(12, 13, '100'),
(12, 14, '100'),
(12, 15, '100'),
(12, 16, '50'),
(12, 17, '100'),
(12, 18, '100'),
(13, 1, '100'),
(13, 2, '100'),
(13, 3, '200'),
(13, 4, '100'),
(13, 5, '0'),
(13, 6, '100'),
(13, 7, '100'),
(13, 8, '100'),
(13, 9, '100'),
(13, 10, '100'),
(13, 11, '200'),
(13, 12, '50'),
(13, 13, '50'),
(13, 14, '100'),
(13, 15, '100'),
(13, 16, '50'),
(13, 17, '100'),
(13, 18, '100'),
(14, 1, '100'),
(14, 2, '200'),
(14, 3, '100'),
(14, 4, '200'),
(14, 5, '100'),
(14, 6, '100'),
(14, 7, '100'),
(14, 8, '100'),
(14, 9, '50'),
(14, 10, '100'),
(14, 11, '100'),
(14, 12, '100'),
(14, 13, '100'),
(14, 14, '50'),
(14, 15, '100'),
(14, 16, '100'),
(14, 17, '0'),
(14, 18, '100'),
(15, 1, '100'),
(15, 2, '100'),
(15, 3, '200'),
(15, 4, '100'),
(15, 5, '200'),
(15, 6, '100'),
(15, 7, '100'),
(15, 8, '100'),
(15, 9, '50'),
(15, 10, '50'),
(15, 11, '50'),
(15, 12, '200'),
(15, 13, '100'),
(15, 14, '100'),
(15, 15, '50'),
(15, 16, '200'),
(15, 17, '100'),
(15, 18, '100'),
(16, 1, '100'),
(16, 2, '100'),
(16, 3, '100'),
(16, 4, '100'),
(16, 5, '100'),
(16, 6, '100'),
(16, 7, '100'),
(16, 8, '100'),
(16, 9, '50'),
(16, 10, '100'),
(16, 11, '100'),
(16, 12, '100'),
(16, 13, '100'),
(16, 14, '100'),
(16, 15, '100'),
(16, 16, '200'),
(16, 17, '100'),
(16, 18, '0'),
(17, 1, '100'),
(17, 2, '50'),
(17, 3, '100'),
(17, 4, '100'),
(17, 5, '100'),
(17, 6, '100'),
(17, 7, '100'),
(17, 8, '200'),
(17, 9, '100'),
(17, 10, '100'),
(17, 11, '100'),
(17, 12, '100'),
(17, 13, '100'),
(17, 14, '200'),
(17, 15, '100'),
(17, 16, '100'),
(17, 17, '50'),
(17, 18, '50'),
(18, 1, '100'),
(18, 2, '200'),
(18, 3, '100'),
(18, 4, '50'),
(18, 5, '100'),
(18, 6, '100'),
(18, 7, '100'),
(18, 8, '100'),
(18, 9, '50'),
(18, 10, '50'),
(18, 11, '100'),
(18, 12, '100'),
(18, 13, '100'),
(18, 14, '100'),
(18, 15, '100'),
(18, 16, '200'),
(18, 17, '200'),
(18, 18, '100');

CREATE TABLE Est_doté (
  Id_Pokémon integer NOT NULL DEFAULT '0',
  Id_Talents integer NOT NULL DEFAULT '0',
  est_caché integer NOT NULL
) ;

INSERT INTO Est_doté (Id_Pokémon, Id_Talents, est_caché) VALUES
(1, 34, 1),
(1, 65, 0),
(2, 34, 1),
(2, 65, 0),
(3, 34, 1),
(3, 65, 0),
(4, 66, 0),
(4, 94, 1),
(5, 66, 0),
(5, 94, 1),
(6, 66, 0),
(6, 94, 1),
(7, 44, 1),
(7, 67, 0),
(8, 44, 1),
(8, 67, 0),
(9, 44, 1),
(9, 67, 0),
(10, 19, 0),
(10, 50, 1),
(11, 61, 0),
(12, 14, 0),
(12, 110, 1),
(13, 19, 0),
(13, 50, 1),
(14, 61, 0),
(15, 68, 0),
(15, 97, 1),
(16, 51, 0),
(16, 77, 0),
(16, 145, 1),
(17, 51, 0),
(17, 77, 0),
(17, 145, 1),
(18, 51, 0),
(18, 77, 0),
(18, 145, 1),
(19, 50, 0),
(19, 55, 1),
(19, 62, 0),
(20, 50, 0),
(20, 55, 1),
(20, 62, 0),
(21, 51, 0),
(21, 97, 1),
(22, 51, 0),
(22, 97, 1),
(23, 22, 0),
(23, 61, 0),
(23, 127, 1),
(24, 22, 0),
(24, 61, 0),
(24, 127, 1),
(25, 9, 0),
(25, 31, 1),
(26, 9, 0),
(26, 31, 1),
(27, 8, 0),
(27, 146, 1),
(28, 8, 0),
(28, 146, 1),
(29, 38, 0),
(29, 55, 1),
(29, 79, 0),
(30, 38, 0),
(30, 55, 1),
(30, 79, 0),
(31, 38, 0),
(31, 79, 0),
(31, 125, 1),
(32, 38, 0),
(32, 55, 1),
(32, 79, 0),
(33, 38, 0),
(33, 55, 1),
(33, 79, 0),
(34, 38, 0),
(34, 79, 0),
(34, 125, 1),
(35, 56, 0),
(35, 98, 0),
(35, 132, 1),
(36, 56, 0),
(36, 98, 0),
(36, 109, 1),
(37, 18, 0),
(37, 70, 1),
(38, 18, 0),
(38, 70, 1),
(39, 56, 0),
(39, 132, 1),
(39, 172, 0),
(40, 56, 0),
(40, 119, 1),
(40, 172, 0),
(41, 39, 0),
(41, 151, 1),
(42, 39, 0),
(42, 151, 1),
(43, 34, 0),
(43, 50, 1),
(44, 1, 1),
(44, 34, 0),
(45, 27, 1),
(45, 34, 0),
(46, 6, 1),
(46, 27, 0),
(46, 87, 0),
(47, 6, 1),
(47, 27, 0),
(47, 87, 0),
(48, 14, 0),
(48, 50, 1),
(48, 110, 0),
(49, 19, 0),
(49, 110, 0),
(49, 147, 1),
(50, 8, 0),
(50, 71, 0),
(50, 159, 1),
(51, 8, 0),
(51, 71, 0),
(51, 159, 1),
(52, 53, 0),
(52, 101, 0),
(52, 127, 1),
(53, 7, 0),
(53, 101, 0),
(53, 127, 1),
(54, 6, 0),
(54, 13, 0),
(54, 33, 1),
(55, 6, 0),
(55, 13, 0),
(55, 33, 1),
(56, 72, 0),
(56, 83, 0),
(56, 128, 1),
(57, 72, 0),
(57, 83, 0),
(57, 128, 1),
(58, 18, 0),
(58, 22, 0),
(58, 154, 1),
(59, 18, 0),
(59, 22, 0),
(59, 154, 1),
(60, 6, 0),
(60, 11, 0),
(60, 33, 1),
(61, 6, 0),
(61, 11, 0),
(61, 33, 1),
(62, 6, 0),
(62, 11, 0),
(62, 33, 1),
(63, 28, 0),
(63, 39, 0),
(63, 98, 1),
(64, 28, 0),
(64, 39, 0),
(64, 98, 1),
(65, 28, 0),
(65, 39, 0),
(65, 98, 1),
(66, 62, 0),
(66, 80, 1),
(66, 99, 0),
(67, 62, 0),
(67, 80, 1),
(67, 99, 0),
(68, 62, 0),
(68, 80, 1),
(68, 99, 0),
(69, 34, 0),
(69, 82, 1),
(70, 34, 0),
(70, 82, 1),
(71, 34, 0),
(71, 82, 1),
(72, 29, 0),
(72, 44, 1),
(72, 64, 0),
(73, 29, 0),
(73, 44, 1),
(73, 64, 0),
(74, 5, 0),
(74, 8, 1),
(74, 69, 0),
(75, 5, 0),
(75, 8, 1),
(75, 69, 0),
(76, 5, 0),
(76, 8, 1),
(76, 69, 0),
(77, 18, 0),
(77, 49, 1),
(77, 50, 0),
(78, 18, 0),
(78, 49, 1),
(78, 50, 0),
(79, 12, 0),
(79, 20, 0),
(79, 144, 1),
(80, 12, 0),
(80, 20, 0),
(80, 144, 1),
(81, 5, 0),
(81, 42, 0),
(81, 148, 1),
(82, 5, 0),
(82, 42, 0),
(82, 148, 1),
(83, 39, 0),
(83, 51, 0),
(83, 128, 1),
(84, 48, 0),
(84, 50, 0),
(84, 77, 1),
(85, 48, 0),
(85, 50, 0),
(85, 77, 1),
(86, 47, 0),
(86, 93, 0),
(86, 115, 1),
(87, 47, 0),
(87, 93, 0),
(87, 115, 1),
(88, 1, 0),
(88, 60, 0),
(88, 143, 1),
(89, 1, 0),
(89, 60, 0),
(89, 143, 1),
(90, 75, 0),
(90, 92, 0),
(90, 142, 1),
(91, 75, 0),
(91, 92, 0),
(91, 142, 1),
(92, 26, 0),
(93, 26, 0),
(94, 130, 0),
(95, 5, 0),
(95, 69, 0),
(95, 133, 1),
(96, 15, 0),
(96, 39, 1),
(96, 108, 0),
(97, 15, 0),
(97, 39, 1),
(97, 108, 0),
(98, 52, 0),
(98, 75, 0),
(98, 125, 1),
(99, 52, 0),
(99, 75, 0),
(99, 125, 1),
(100, 9, 0),
(100, 43, 0),
(100, 106, 1),
(101, 9, 0),
(101, 43, 0),
(101, 106, 1),
(102, 34, 0),
(102, 139, 1),
(103, 34, 0),
(103, 139, 1),
(104, 4, 1),
(104, 31, 0),
(104, 69, 0),
(105, 4, 1),
(105, 31, 0),
(105, 69, 0),
(106, 7, 0),
(106, 84, 1),
(106, 120, 0),
(107, 39, 1),
(107, 51, 0),
(107, 89, 0),
(108, 12, 0),
(108, 13, 1),
(108, 20, 0),
(109, 26, 0),
(110, 26, 0),
(111, 31, 0),
(111, 69, 0),
(111, 120, 1),
(112, 31, 0),
(112, 69, 0),
(112, 120, 1),
(113, 30, 0),
(113, 32, 0),
(113, 131, 1),
(114, 34, 0),
(114, 102, 0),
(114, 144, 1),
(115, 39, 1),
(115, 48, 0),
(115, 113, 0),
(116, 6, 1),
(116, 33, 0),
(116, 97, 0),
(117, 6, 1),
(117, 38, 0),
(117, 97, 0),
(118, 31, 1),
(118, 33, 0),
(118, 41, 0),
(119, 31, 1),
(119, 33, 0),
(119, 41, 0),
(120, 30, 0),
(120, 35, 0),
(120, 148, 1),
(121, 30, 0),
(121, 35, 0),
(121, 148, 1),
(122, 43, 0),
(122, 101, 1),
(122, 111, 0),
(123, 68, 0),
(123, 80, 1),
(123, 101, 0),
(124, 12, 0),
(124, 87, 1),
(124, 108, 0),
(125, 9, 0),
(125, 72, 1),
(126, 49, 0),
(126, 72, 1),
(127, 52, 0),
(127, 104, 0),
(127, 153, 1),
(128, 22, 0),
(128, 83, 0),
(128, 125, 1),
(129, 33, 0),
(129, 155, 1),
(130, 22, 0),
(130, 153, 1),
(131, 11, 0),
(131, 75, 0),
(131, 93, 1),
(132, 7, 0),
(132, 150, 1),
(133, 50, 0),
(133, 91, 0),
(133, 107, 1),
(134, 11, 0),
(134, 93, 1),
(135, 10, 0),
(135, 95, 1),
(136, 18, 0),
(136, 62, 1),
(137, 36, 0),
(137, 88, 0),
(137, 148, 1),
(138, 33, 0),
(138, 75, 0),
(138, 133, 1),
(139, 33, 0),
(139, 75, 0),
(139, 133, 1),
(140, 4, 0),
(140, 33, 0),
(140, 133, 1),
(141, 4, 0),
(141, 33, 0),
(141, 133, 1),
(142, 46, 0),
(142, 69, 0),
(142, 127, 1),
(143, 17, 0),
(143, 47, 0),
(143, 82, 1),
(144, 46, 0),
(144, 81, 1),
(145, 9, 1),
(145, 46, 0),
(146, 46, 0),
(146, 49, 1),
(147, 61, 0),
(147, 63, 1),
(148, 61, 0),
(148, 63, 1),
(149, 39, 0),
(149, 136, 1),
(150, 46, 0),
(150, 127, 1),
(151, 28, 0),
(152, 65, 0),
(152, 102, 1),
(153, 65, 0),
(153, 102, 1),
(154, 65, 0),
(154, 102, 1),
(155, 18, 1),
(155, 66, 0),
(156, 18, 1),
(156, 66, 0),
(157, 18, 1),
(157, 66, 0),
(158, 67, 0),
(158, 125, 1),
(159, 67, 0),
(159, 125, 1),
(160, 67, 0),
(160, 125, 1),
(161, 50, 0),
(161, 51, 0),
(161, 119, 1),
(162, 50, 0),
(162, 51, 0),
(162, 119, 1),
(163, 15, 0),
(163, 51, 0),
(163, 110, 1),
(164, 15, 0),
(164, 51, 0),
(164, 110, 1),
(165, 48, 0),
(165, 68, 0),
(165, 155, 1),
(166, 48, 0),
(166, 68, 0),
(166, 89, 1),
(167, 15, 0),
(167, 68, 0),
(167, 97, 1),
(168, 15, 0),
(168, 68, 0),
(168, 97, 1),
(169, 39, 0),
(169, 151, 1),
(170, 10, 0),
(170, 11, 1),
(170, 35, 0),
(171, 10, 0),
(171, 11, 1),
(171, 35, 0),
(172, 9, 0),
(172, 31, 1),
(173, 56, 0),
(173, 98, 0),
(173, 132, 1),
(174, 56, 0),
(174, 132, 1),
(174, 172, 0),
(175, 32, 0),
(175, 55, 0),
(175, 105, 1),
(176, 32, 0),
(176, 55, 0),
(176, 105, 1),
(177, 28, 0),
(177, 48, 0),
(177, 156, 1),
(178, 28, 0),
(178, 48, 0),
(178, 156, 1),
(179, 9, 0),
(179, 57, 1),
(180, 9, 0),
(180, 57, 1),
(181, 9, 0),
(181, 57, 1),
(182, 34, 0),
(182, 131, 1),
(183, 37, 0),
(183, 47, 0),
(183, 157, 1),
(184, 37, 0),
(184, 47, 0),
(184, 157, 1),
(185, 5, 0),
(185, 69, 0),
(185, 155, 1),
(186, 2, 1),
(186, 6, 0),
(186, 11, 0),
(187, 34, 0),
(187, 102, 0),
(187, 151, 1),
(188, 34, 0),
(188, 102, 0),
(188, 151, 1),
(189, 34, 0),
(189, 102, 0),
(189, 151, 1),
(190, 50, 0),
(190, 53, 0),
(190, 92, 1),
(191, 34, 0),
(191, 48, 1),
(191, 94, 0),
(192, 34, 0),
(192, 48, 1),
(192, 94, 0),
(193, 3, 0),
(193, 14, 0),
(193, 119, 1),
(194, 6, 0),
(194, 11, 0),
(194, 109, 1),
(195, 6, 0),
(195, 11, 0),
(195, 109, 1),
(196, 28, 0),
(196, 156, 1),
(197, 28, 0),
(197, 39, 1),
(198, 15, 0),
(198, 105, 0),
(198, 158, 1),
(199, 12, 0),
(199, 20, 0),
(199, 144, 1),
(200, 26, 0),
(201, 26, 0),
(202, 23, 0),
(202, 140, 1),
(203, 39, 0),
(203, 48, 0),
(203, 157, 1),
(204, 5, 0),
(204, 142, 1),
(205, 5, 0),
(205, 142, 1),
(206, 32, 0),
(206, 50, 0),
(206, 155, 1),
(207, 8, 0),
(207, 17, 1),
(207, 52, 0),
(208, 5, 0),
(208, 69, 0),
(208, 125, 1),
(209, 22, 0),
(209, 50, 0),
(209, 155, 1),
(210, 22, 0),
(210, 95, 0),
(210, 155, 1),
(211, 22, 1),
(211, 33, 0),
(211, 38, 0),
(212, 68, 0),
(212, 101, 0),
(212, 135, 1),
(213, 5, 0),
(213, 82, 0),
(213, 126, 1),
(214, 62, 0),
(214, 68, 0),
(214, 153, 1),
(215, 39, 0),
(215, 51, 0),
(215, 124, 1),
(216, 53, 0),
(216, 95, 0),
(216, 118, 1),
(217, 62, 0),
(217, 95, 0),
(217, 127, 1),
(218, 40, 0),
(218, 49, 0),
(218, 133, 1),
(219, 40, 0),
(219, 49, 0),
(219, 133, 1),
(220, 12, 0),
(220, 47, 1),
(220, 81, 0),
(221, 12, 0),
(221, 47, 1),
(221, 81, 0),
(222, 30, 0),
(222, 55, 0),
(222, 144, 1),
(223, 55, 0),
(223, 97, 0),
(223, 141, 1),
(224, 21, 0),
(224, 97, 0),
(224, 141, 1),
(225, 15, 1),
(225, 55, 0),
(225, 72, 0),
(226, 11, 0),
(226, 33, 0),
(226, 41, 1),
(227, 5, 0),
(227, 51, 0),
(227, 133, 1),
(228, 18, 0),
(228, 48, 0),
(228, 127, 1),
(229, 18, 0),
(229, 48, 0),
(229, 127, 1),
(230, 6, 1),
(230, 33, 0),
(230, 97, 0),
(231, 8, 1),
(231, 53, 0),
(232, 5, 0),
(232, 8, 1),
(233, 36, 0),
(233, 88, 0),
(233, 148, 1),
(234, 22, 0),
(234, 119, 0),
(234, 157, 1),
(235, 20, 0),
(235, 101, 0),
(235, 141, 1),
(236, 62, 0),
(236, 72, 1),
(236, 80, 0),
(237, 22, 0),
(237, 80, 1),
(237, 101, 0),
(238, 12, 0),
(238, 93, 1),
(238, 108, 0),
(239, 9, 0),
(239, 72, 1),
(240, 49, 0),
(240, 72, 1),
(241, 47, 0),
(241, 113, 0),
(241, 157, 1),
(242, 30, 0),
(242, 32, 0),
(242, 131, 1),
(243, 39, 1),
(243, 46, 0),
(244, 39, 1),
(244, 46, 0),
(245, 39, 1),
(245, 46, 0),
(246, 8, 1),
(246, 62, 0),
(247, 61, 0),
(248, 45, 0),
(248, 127, 1),
(249, 46, 0),
(249, 136, 1),
(250, 46, 0),
(250, 144, 1),
(251, 30, 0),
(252, 65, 0),
(252, 84, 1),
(253, 65, 0),
(253, 84, 1),
(254, 65, 0),
(254, 84, 1),
(255, 3, 1),
(255, 66, 0),
(256, 3, 1),
(256, 66, 0),
(257, 3, 1),
(257, 66, 0),
(258, 6, 1),
(258, 67, 0),
(259, 6, 1),
(259, 67, 0),
(260, 6, 1),
(260, 67, 0),
(261, 50, 0),
(261, 95, 0),
(261, 155, 1),
(262, 22, 0),
(262, 95, 0),
(262, 153, 1),
(263, 53, 0),
(263, 82, 0),
(263, 95, 1),
(264, 53, 0),
(264, 82, 0),
(264, 95, 1),
(265, 19, 0),
(265, 50, 1),
(266, 61, 0),
(267, 68, 0),
(267, 79, 1),
(268, 61, 0),
(269, 14, 1),
(269, 19, 0),
(270, 20, 1),
(270, 33, 0),
(270, 44, 0),
(271, 20, 1),
(271, 33, 0),
(271, 44, 0),
(272, 20, 1),
(272, 33, 0),
(272, 44, 0),
(273, 34, 0),
(273, 48, 0),
(273, 124, 1),
(274, 34, 0),
(274, 48, 0),
(274, 124, 1),
(275, 34, 0),
(275, 48, 0),
(275, 124, 1),
(276, 62, 0),
(276, 113, 1),
(277, 62, 0),
(277, 113, 1),
(278, 44, 1),
(278, 51, 0),
(278, 93, 0),
(279, 2, 0),
(279, 44, 1),
(279, 51, 0),
(280, 28, 0),
(280, 36, 0),
(280, 140, 1),
(281, 28, 0),
(281, 36, 0),
(281, 140, 1),
(282, 28, 0),
(282, 36, 0),
(282, 140, 1),
(283, 33, 0),
(283, 44, 1),
(284, 22, 0),
(284, 127, 1),
(285, 27, 0),
(285, 90, 0),
(285, 95, 1),
(286, 27, 0),
(286, 90, 0),
(286, 101, 1),
(287, 54, 0),
(288, 72, 0),
(289, 54, 0),
(290, 14, 0),
(290, 50, 1),
(291, 3, 0),
(291, 151, 1),
(292, 25, 0),
(293, 43, 0),
(293, 155, 1),
(294, 43, 0),
(294, 113, 1),
(295, 43, 0),
(295, 113, 1),
(296, 47, 0),
(296, 62, 0),
(296, 125, 1),
(297, 47, 0),
(297, 62, 0),
(297, 125, 1),
(298, 37, 0),
(298, 47, 0),
(298, 157, 1),
(299, 5, 0),
(299, 42, 0),
(299, 159, 1),
(300, 56, 0),
(300, 96, 0),
(300, 147, 1),
(301, 56, 0),
(301, 96, 0),
(301, 147, 1),
(302, 51, 0),
(302, 100, 0),
(302, 158, 1),
(303, 22, 0),
(303, 52, 0),
(303, 125, 1),
(304, 5, 0),
(304, 69, 0),
(304, 134, 1),
(305, 5, 0),
(305, 69, 0),
(305, 134, 1),
(306, 5, 0),
(306, 69, 0),
(306, 134, 1),
(307, 74, 0),
(307, 140, 1),
(308, 74, 0),
(308, 140, 1),
(309, 9, 0),
(309, 31, 0),
(309, 58, 1),
(310, 9, 0),
(310, 31, 0),
(310, 58, 1),
(311, 31, 1),
(311, 57, 0),
(312, 10, 1),
(312, 58, 0),
(313, 35, 0),
(313, 68, 0),
(313, 158, 1),
(314, 12, 0),
(314, 110, 0),
(314, 158, 1),
(315, 30, 0),
(315, 38, 0),
(315, 102, 1),
(316, 60, 0),
(316, 64, 0),
(316, 82, 1),
(317, 60, 0),
(317, 64, 0),
(317, 82, 1),
(318, 3, 1),
(318, 24, 0),
(319, 3, 1),
(319, 24, 0),
(320, 12, 0),
(320, 41, 0),
(320, 46, 1),
(321, 12, 0),
(321, 41, 0),
(321, 46, 1),
(322, 12, 0),
(322, 20, 1),
(322, 86, 0),
(323, 40, 0),
(323, 83, 1),
(323, 116, 0),
(324, 70, 0),
(324, 73, 0),
(324, 75, 1),
(325, 20, 0),
(325, 47, 0),
(325, 82, 1),
(326, 20, 0),
(326, 47, 0),
(326, 82, 1),
(327, 20, 0),
(327, 77, 0),
(327, 126, 1),
(328, 52, 0),
(328, 71, 0),
(328, 125, 1),
(329, 26, 0),
(330, 26, 0),
(331, 8, 0),
(331, 11, 1),
(332, 8, 0),
(332, 11, 1),
(333, 13, 1),
(333, 30, 0),
(334, 13, 1),
(334, 30, 0),
(335, 17, 0),
(335, 137, 1),
(336, 61, 0),
(336, 151, 1),
(337, 26, 0),
(338, 26, 0),
(339, 12, 0),
(339, 93, 1),
(339, 107, 0),
(340, 12, 0),
(340, 93, 1),
(340, 107, 0),
(341, 52, 0),
(341, 75, 0),
(341, 91, 1),
(342, 52, 0),
(342, 75, 0),
(342, 91, 1),
(343, 26, 0),
(344, 26, 0),
(345, 21, 0),
(345, 114, 1),
(346, 21, 0),
(346, 114, 1),
(347, 4, 0),
(347, 33, 1),
(348, 4, 0),
(348, 33, 1),
(349, 12, 0),
(349, 33, 0),
(349, 91, 1),
(350, 56, 1),
(350, 63, 0),
(350, 172, 0),
(351, 59, 0),
(352, 16, 0),
(352, 168, 1),
(353, 15, 0),
(353, 119, 0),
(353, 130, 1),
(354, 15, 0),
(354, 119, 0),
(354, 130, 1),
(355, 26, 0),
(355, 119, 1),
(356, 46, 0),
(356, 119, 1),
(357, 34, 0),
(357, 94, 0),
(357, 139, 1),
(358, 26, 0),
(359, 46, 0),
(359, 105, 0),
(359, 154, 1),
(360, 23, 0),
(360, 140, 1),
(361, 39, 0),
(361, 115, 0),
(361, 141, 1),
(362, 39, 0),
(362, 115, 0),
(362, 141, 1),
(363, 12, 1),
(363, 47, 0),
(363, 115, 0),
(364, 12, 1),
(364, 47, 0),
(364, 115, 0),
(365, 12, 1),
(365, 47, 0),
(365, 115, 0),
(366, 75, 0),
(366, 155, 1),
(367, 33, 0),
(367, 41, 1),
(368, 33, 0),
(368, 93, 1),
(369, 5, 1),
(369, 33, 0),
(369, 69, 0),
(370, 33, 0),
(370, 93, 1),
(371, 69, 0),
(371, 125, 1),
(372, 69, 0),
(372, 142, 1),
(373, 22, 0),
(373, 153, 1),
(374, 29, 0),
(374, 135, 1),
(375, 29, 0),
(375, 135, 1),
(376, 29, 0),
(376, 135, 1),
(377, 5, 1),
(377, 29, 0),
(378, 29, 0),
(378, 115, 1),
(379, 29, 0),
(379, 135, 1),
(380, 26, 0),
(381, 26, 0),
(382, 2, 0),
(383, 70, 0),
(384, 76, 0),
(385, 32, 0),
(386, 46, 0),
(387, 65, 0),
(387, 75, 1),
(388, 65, 0),
(388, 75, 1),
(389, 65, 0),
(389, 75, 1),
(390, 66, 0),
(390, 89, 1),
(391, 66, 0),
(391, 89, 1),
(392, 66, 0),
(392, 89, 1),
(393, 67, 0),
(393, 128, 1),
(394, 67, 0),
(394, 128, 1),
(395, 67, 0),
(395, 128, 1),
(396, 51, 0),
(396, 120, 1),
(397, 22, 0),
(397, 120, 1),
(398, 22, 0),
(398, 120, 1),
(399, 86, 0),
(399, 109, 0),
(399, 141, 1),
(400, 86, 0),
(400, 109, 0),
(400, 141, 1),
(401, 50, 1),
(401, 61, 0),
(402, 68, 0),
(402, 101, 1),
(403, 22, 0),
(403, 62, 1),
(403, 79, 0),
(404, 22, 0),
(404, 62, 1),
(404, 79, 0),
(405, 22, 0),
(405, 62, 1),
(405, 79, 0),
(406, 30, 0),
(406, 38, 0),
(406, 102, 1),
(407, 30, 0),
(407, 38, 0),
(407, 101, 1),
(408, 104, 0),
(408, 125, 1),
(409, 104, 0),
(409, 125, 1),
(410, 5, 0),
(410, 43, 1),
(411, 5, 0),
(411, 43, 1),
(412, 61, 0),
(412, 142, 1),
(413, 107, 0),
(413, 142, 1),
(414, 68, 0),
(414, 110, 1),
(415, 55, 1),
(415, 118, 0),
(416, 46, 0),
(416, 127, 1),
(417, 10, 1),
(417, 50, 0),
(417, 53, 0),
(418, 33, 0),
(418, 41, 1),
(419, 33, 0),
(419, 41, 1),
(420, 34, 0),
(421, 122, 0),
(422, 60, 0),
(422, 114, 0),
(422, 159, 1),
(423, 60, 0),
(423, 114, 0),
(423, 159, 1),
(424, 53, 0),
(424, 92, 1),
(424, 101, 0),
(425, 84, 0),
(425, 106, 0),
(425, 138, 1),
(426, 84, 0),
(426, 106, 0),
(426, 138, 1),
(427, 7, 1),
(427, 50, 0),
(427, 103, 0),
(428, 7, 1),
(428, 56, 0),
(428, 103, 0),
(429, 26, 0),
(430, 15, 0),
(430, 105, 0),
(430, 153, 1),
(431, 7, 0),
(431, 20, 0),
(431, 51, 1),
(432, 20, 0),
(432, 47, 0),
(432, 128, 1),
(433, 26, 0),
(434, 1, 0),
(434, 51, 1),
(434, 106, 0),
(435, 1, 0),
(435, 51, 1),
(435, 106, 0),
(436, 26, 0),
(436, 85, 0),
(436, 134, 1),
(437, 26, 0),
(437, 85, 0),
(437, 134, 1),
(438, 5, 0),
(438, 69, 0),
(438, 155, 1),
(439, 43, 0),
(439, 101, 1),
(439, 111, 0),
(440, 30, 0),
(440, 32, 0),
(440, 132, 1),
(441, 51, 0),
(441, 77, 0),
(441, 145, 1),
(442, 46, 0),
(442, 151, 1),
(443, 8, 0),
(443, 24, 1),
(444, 8, 0),
(444, 24, 1),
(445, 8, 0),
(445, 24, 1),
(446, 47, 0),
(446, 53, 0),
(446, 82, 1),
(447, 39, 0),
(447, 80, 0),
(447, 158, 1),
(448, 39, 0),
(448, 80, 0),
(448, 154, 1),
(449, 45, 0),
(449, 159, 1),
(450, 45, 0),
(450, 159, 1),
(451, 4, 0),
(451, 51, 1),
(451, 97, 0),
(452, 4, 0),
(452, 51, 1),
(452, 97, 0),
(453, 87, 0),
(453, 107, 0),
(453, 143, 1),
(454, 87, 0),
(454, 107, 0),
(454, 143, 1),
(455, 26, 0),
(456, 33, 0),
(456, 41, 1),
(456, 114, 0),
(457, 33, 0),
(457, 41, 1),
(457, 114, 0),
(458, 11, 0),
(458, 33, 0),
(458, 41, 1),
(459, 43, 1),
(459, 117, 0),
(460, 43, 1),
(460, 117, 0),
(461, 46, 0),
(461, 124, 1),
(462, 5, 0),
(462, 42, 0),
(462, 148, 1),
(463, 12, 0),
(463, 13, 1),
(463, 20, 0),
(464, 31, 0),
(464, 116, 0),
(464, 120, 1),
(465, 34, 0),
(465, 102, 0),
(465, 144, 1),
(466, 72, 1),
(466, 78, 0),
(467, 49, 0),
(467, 72, 1),
(468, 32, 0),
(468, 55, 0),
(468, 105, 1),
(469, 3, 0),
(469, 110, 0),
(469, 119, 1),
(470, 34, 1),
(470, 102, 0),
(471, 81, 0),
(471, 115, 1),
(472, 8, 0),
(472, 52, 0),
(472, 90, 1),
(473, 12, 0),
(473, 47, 1),
(473, 81, 0),
(474, 88, 0),
(474, 91, 0),
(474, 148, 1),
(475, 80, 0),
(475, 154, 1),
(476, 5, 0),
(476, 42, 0),
(476, 159, 1),
(477, 46, 0),
(477, 119, 1),
(478, 81, 0),
(478, 130, 1),
(479, 26, 0),
(480, 26, 0),
(481, 26, 0),
(482, 26, 0),
(483, 46, 0),
(483, 140, 1),
(484, 46, 0),
(484, 140, 1),
(485, 18, 0),
(485, 49, 1),
(486, 112, 0),
(487, 46, 0),
(487, 140, 1),
(488, 26, 0),
(489, 93, 0),
(490, 93, 0),
(491, 123, 0),
(492, 30, 0),
(493, 121, 0),
(494, 162, 0),
(495, 65, 0),
(495, 126, 1),
(496, 65, 0),
(496, 126, 1),
(497, 65, 0),
(497, 126, 1),
(498, 47, 1),
(498, 66, 0),
(499, 47, 1),
(499, 66, 0),
(500, 66, 0),
(500, 120, 1),
(501, 67, 0),
(501, 75, 1),
(502, 67, 0),
(502, 75, 1),
(503, 67, 0),
(503, 75, 1),
(504, 50, 0),
(504, 51, 0),
(504, 148, 1),
(505, 35, 0),
(505, 51, 0),
(505, 148, 1),
(506, 50, 1),
(506, 53, 0),
(506, 72, 0),
(507, 22, 0),
(507, 113, 1),
(507, 146, 0),
(508, 22, 0),
(508, 113, 1),
(508, 146, 0),
(509, 7, 0),
(509, 84, 0),
(509, 158, 1),
(510, 7, 0),
(510, 84, 0),
(510, 158, 1),
(511, 65, 1),
(511, 82, 0),
(512, 65, 1),
(512, 82, 0),
(513, 66, 1),
(513, 82, 0),
(514, 66, 1),
(514, 82, 0),
(515, 67, 1),
(515, 82, 0),
(516, 67, 1),
(516, 82, 0),
(517, 28, 0),
(517, 108, 0),
(517, 140, 1),
(518, 28, 0),
(518, 108, 0),
(518, 140, 1),
(519, 79, 1),
(519, 105, 0),
(519, 145, 0),
(520, 79, 1),
(520, 105, 0),
(520, 145, 0),
(521, 79, 1),
(521, 105, 0),
(521, 145, 0),
(522, 31, 0),
(522, 78, 0),
(522, 157, 1),
(523, 31, 0),
(523, 78, 0),
(523, 157, 1),
(524, 5, 0),
(524, 133, 0),
(524, 159, 1),
(525, 5, 0),
(525, 133, 0),
(525, 159, 1),
(526, 5, 0),
(526, 45, 0),
(526, 159, 1),
(527, 86, 1),
(527, 103, 0),
(527, 109, 0),
(528, 86, 1),
(528, 103, 0),
(528, 109, 0),
(529, 104, 1),
(529, 146, 0),
(529, 159, 0),
(530, 104, 1),
(530, 146, 0),
(530, 159, 0),
(531, 103, 1),
(531, 131, 0),
(531, 144, 0),
(532, 62, 0),
(532, 89, 1),
(532, 125, 0),
(533, 62, 0),
(533, 89, 1),
(533, 125, 0),
(534, 62, 0),
(534, 89, 1),
(534, 125, 0),
(535, 11, 1),
(535, 33, 0),
(535, 93, 0),
(536, 11, 1),
(536, 33, 0),
(536, 93, 0),
(537, 11, 1),
(537, 33, 0),
(537, 143, 0),
(538, 39, 0),
(538, 62, 0),
(538, 104, 1),
(539, 5, 0),
(539, 39, 0),
(539, 104, 1),
(540, 34, 0),
(540, 68, 0),
(540, 142, 1),
(541, 34, 0),
(541, 102, 0),
(541, 142, 1),
(542, 34, 0),
(542, 68, 0),
(542, 142, 1),
(543, 3, 1),
(543, 38, 0),
(543, 68, 0),
(544, 3, 1),
(544, 38, 0),
(544, 68, 0),
(545, 3, 1),
(545, 38, 0),
(545, 68, 0),
(546, 34, 1),
(546, 151, 0),
(546, 158, 0),
(547, 34, 1),
(547, 151, 0),
(547, 158, 0),
(548, 20, 0),
(548, 34, 0),
(548, 102, 1),
(549, 20, 0),
(549, 34, 0),
(549, 102, 1),
(550, 91, 0),
(550, 104, 1),
(550, 120, 0),
(551, 22, 0),
(551, 83, 1),
(551, 153, 0),
(552, 22, 0),
(552, 83, 1),
(552, 153, 0),
(553, 22, 0),
(553, 83, 1),
(553, 153, 0),
(554, 39, 1),
(554, 55, 0),
(555, 125, 0),
(555, 161, 1),
(556, 11, 0),
(556, 34, 0),
(556, 114, 1),
(557, 5, 0),
(557, 75, 0),
(557, 133, 1),
(558, 5, 0),
(558, 75, 0),
(558, 133, 1),
(559, 22, 1),
(559, 61, 0),
(559, 153, 0),
(560, 22, 1),
(560, 61, 0),
(560, 153, 0),
(561, 98, 0),
(561, 110, 1),
(561, 147, 0),
(562, 152, 0),
(563, 152, 0),
(564, 5, 0),
(564, 33, 1),
(564, 116, 0),
(565, 5, 0),
(565, 33, 1),
(565, 116, 0),
(566, 129, 0),
(567, 129, 0),
(568, 1, 0),
(568, 60, 0),
(568, 106, 1),
(569, 1, 0),
(569, 106, 1),
(569, 133, 0),
(570, 149, 0),
(571, 149, 0),
(572, 56, 0),
(572, 92, 1),
(572, 101, 0),
(573, 56, 0),
(573, 92, 1),
(573, 101, 0),
(574, 23, 1),
(574, 119, 0),
(574, 172, 0),
(575, 23, 1),
(575, 119, 0),
(575, 172, 0),
(576, 23, 1),
(576, 119, 0),
(576, 172, 0),
(577, 98, 0),
(577, 142, 0),
(577, 144, 1),
(578, 98, 0),
(578, 142, 0),
(578, 144, 1),
(579, 98, 0),
(579, 142, 0),
(579, 144, 1),
(580, 51, 0),
(580, 93, 1),
(580, 145, 0),
(581, 51, 0),
(581, 93, 1),
(581, 145, 0),
(582, 81, 0),
(582, 115, 0),
(582, 133, 1),
(583, 81, 0),
(583, 115, 0),
(583, 133, 1),
(584, 115, 0),
(584, 117, 0),
(584, 133, 1),
(585, 32, 1),
(585, 34, 0),
(585, 157, 0),
(586, 32, 1),
(586, 34, 0),
(586, 157, 0),
(587, 9, 0),
(587, 78, 1),
(588, 61, 0),
(588, 68, 0),
(588, 99, 1),
(589, 68, 0),
(589, 75, 0),
(589, 142, 1),
(590, 27, 0),
(590, 144, 1),
(591, 27, 0),
(591, 144, 1),
(592, 6, 1),
(592, 11, 0),
(592, 130, 0),
(593, 6, 1),
(593, 11, 0),
(593, 130, 0),
(594, 93, 0),
(594, 131, 0),
(594, 144, 1),
(595, 14, 0),
(595, 68, 1),
(595, 127, 0),
(596, 14, 0),
(596, 68, 1),
(596, 127, 0),
(597, 160, 0),
(598, 107, 1),
(598, 160, 0),
(599, 29, 1),
(599, 57, 0),
(599, 58, 0),
(600, 29, 1),
(600, 57, 0),
(600, 58, 0),
(601, 29, 1),
(601, 57, 0),
(601, 58, 0),
(602, 26, 0),
(603, 26, 0),
(604, 26, 0),
(605, 28, 0),
(605, 140, 0),
(605, 148, 1),
(606, 28, 0),
(606, 140, 0),
(606, 148, 1),
(607, 18, 0),
(607, 49, 0),
(607, 151, 1),
(608, 18, 0),
(608, 49, 0),
(608, 151, 1),
(609, 18, 0),
(609, 49, 0),
(609, 151, 1),
(610, 79, 0),
(610, 104, 0),
(610, 127, 1),
(611, 79, 0),
(611, 104, 0),
(611, 127, 1),
(612, 79, 0),
(612, 104, 0),
(612, 127, 1),
(613, 81, 0),
(613, 155, 1),
(613, 202, 0),
(614, 33, 1),
(614, 81, 0),
(614, 202, 0),
(615, 26, 0),
(616, 75, 0),
(616, 93, 0),
(616, 142, 1),
(617, 60, 0),
(617, 84, 1),
(617, 93, 0),
(618, 7, 0),
(618, 8, 1),
(618, 9, 0),
(619, 39, 0),
(619, 120, 1),
(619, 144, 0),
(620, 39, 0),
(620, 120, 1),
(620, 144, 0),
(621, 24, 0),
(621, 104, 1),
(621, 125, 0),
(622, 89, 0),
(622, 99, 1),
(622, 103, 0),
(623, 89, 0),
(623, 99, 1),
(623, 103, 0),
(624, 39, 0),
(624, 46, 1),
(624, 128, 0),
(625, 39, 0),
(625, 46, 1),
(625, 128, 0),
(626, 43, 1),
(626, 120, 0),
(626, 157, 0),
(627, 51, 0),
(627, 55, 1),
(627, 125, 0),
(628, 51, 0),
(628, 125, 0),
(628, 128, 1),
(629, 133, 1),
(629, 142, 0),
(629, 145, 0),
(630, 133, 1),
(630, 142, 0),
(630, 145, 0),
(631, 18, 0),
(631, 73, 1),
(631, 82, 0),
(632, 54, 1),
(632, 55, 0),
(632, 68, 0),
(633, 55, 0),
(634, 55, 0),
(635, 26, 0),
(636, 49, 0),
(636, 68, 1),
(637, 49, 0),
(637, 68, 1),
(638, 154, 0),
(639, 154, 0),
(640, 154, 0),
(641, 128, 1),
(641, 158, 0),
(642, 128, 1),
(642, 158, 0),
(643, 163, 0),
(644, 164, 0),
(645, 125, 1),
(645, 159, 0),
(646, 46, 0),
(647, 154, 0),
(648, 32, 0),
(649, 88, 0),
(650, 65, 0),
(650, 171, 1),
(651, 65, 0),
(651, 171, 1),
(652, 65, 0),
(652, 171, 1),
(653, 66, 0),
(653, 170, 1),
(654, 66, 0),
(654, 170, 1),
(655, 66, 0),
(655, 170, 1),
(656, 67, 0),
(656, 168, 1),
(657, 67, 0),
(657, 168, 1),
(658, 67, 0),
(658, 168, 1),
(659, 37, 1),
(659, 53, 0),
(659, 167, 0),
(660, 37, 1),
(660, 53, 0),
(660, 167, 0),
(661, 145, 0),
(661, 177, 1),
(662, 49, 0),
(662, 177, 1),
(663, 49, 0),
(663, 177, 1),
(664, 14, 0),
(664, 19, 0),
(664, 132, 1),
(665, 61, 0),
(665, 132, 1),
(666, 14, 0),
(666, 19, 0),
(666, 132, 1),
(667, 79, 0),
(667, 127, 0),
(667, 153, 1),
(668, 79, 0),
(668, 127, 0),
(668, 153, 1),
(669, 166, 0),
(669, 180, 1),
(670, 166, 0),
(670, 180, 1),
(671, 166, 0),
(671, 180, 1),
(672, 157, 0),
(672, 179, 1),
(673, 157, 0),
(673, 179, 1),
(674, 89, 0),
(674, 104, 0),
(674, 113, 1),
(675, 89, 0),
(675, 104, 0),
(675, 113, 1),
(676, 169, 0),
(677, 20, 1),
(677, 51, 0),
(677, 151, 0),
(678, 51, 0),
(678, 151, 0),
(678, 158, 1),
(679, 99, 0),
(680, 99, 0),
(681, 176, 0),
(682, 131, 0),
(682, 165, 1),
(683, 131, 0),
(683, 165, 1),
(684, 84, 1),
(684, 175, 0),
(685, 84, 1),
(685, 175, 0),
(686, 21, 0),
(686, 126, 0),
(686, 151, 1),
(687, 21, 0),
(687, 126, 0),
(687, 151, 1),
(688, 97, 0),
(688, 124, 1),
(688, 181, 0),
(689, 97, 0),
(689, 124, 1),
(689, 181, 0),
(690, 38, 0),
(690, 91, 1),
(690, 143, 0),
(691, 38, 0),
(691, 91, 1),
(691, 143, 0),
(692, 178, 0),
(693, 178, 0),
(694, 8, 0),
(694, 87, 0),
(694, 94, 1),
(695, 8, 0),
(695, 87, 0),
(695, 94, 1),
(696, 5, 1),
(696, 173, 0),
(697, 69, 1),
(697, 173, 0),
(698, 117, 1),
(698, 174, 0),
(699, 117, 1),
(699, 174, 0),
(700, 56, 0),
(700, 182, 1),
(701, 7, 0),
(701, 84, 0),
(701, 104, 1),
(702, 53, 0),
(702, 57, 1),
(702, 167, 0),
(703, 5, 1),
(703, 29, 0),
(704, 93, 0),
(704, 157, 0),
(704, 183, 1),
(705, 93, 0),
(705, 157, 0),
(705, 183, 1),
(706, 93, 0),
(706, 157, 0),
(706, 183, 1),
(707, 158, 0),
(707, 170, 1),
(708, 30, 0),
(708, 119, 0),
(708, 139, 1),
(709, 30, 0),
(709, 119, 0),
(709, 139, 1),
(710, 15, 1),
(710, 53, 0),
(710, 119, 0),
(711, 15, 1),
(711, 53, 0),
(711, 119, 0),
(712, 5, 1),
(712, 20, 0),
(712, 115, 0),
(713, 5, 1),
(713, 20, 0),
(713, 115, 0),
(714, 119, 0),
(714, 140, 1),
(714, 151, 0),
(715, 119, 0),
(715, 140, 1),
(715, 151, 0),
(716, 187, 0),
(717, 186, 0),
(718, 188, 0),
(719, 29, 0),
(720, 170, 0),
(721, 11, 0),
(722, 65, 0),
(722, 203, 1),
(723, 65, 0),
(723, 203, 1),
(724, 65, 0),
(724, 203, 1),
(725, 22, 1),
(725, 66, 0),
(726, 22, 1),
(726, 66, 0),
(727, 22, 1),
(727, 66, 0),
(728, 67, 0),
(728, 204, 1),
(729, 67, 0),
(729, 204, 1),
(730, 67, 0),
(730, 204, 1),
(731, 51, 0),
(731, 53, 1),
(731, 92, 0),
(732, 51, 0),
(732, 53, 1),
(732, 92, 0),
(733, 51, 0),
(733, 92, 0),
(733, 125, 1),
(734, 91, 1),
(734, 173, 0),
(734, 198, 0),
(735, 91, 1),
(735, 173, 0),
(735, 198, 0),
(736, 68, 0),
(737, 217, 0),
(738, 26, 0),
(739, 52, 0),
(739, 83, 1),
(739, 89, 0),
(740, 52, 0),
(740, 83, 1),
(740, 89, 0),
(741, 216, 0),
(742, 19, 0),
(742, 118, 0),
(742, 175, 1),
(743, 19, 0),
(743, 118, 0),
(743, 175, 1),
(744, 51, 0),
(744, 72, 0),
(744, 80, 1),
(745, 51, 0),
(745, 80, 1),
(745, 146, 0),
(746, 208, 0),
(747, 7, 0),
(747, 144, 1),
(747, 196, 0),
(748, 7, 0),
(748, 144, 1),
(748, 196, 0),
(749, 20, 0),
(749, 39, 1),
(749, 192, 0),
(750, 20, 0),
(750, 39, 1),
(750, 192, 0),
(751, 11, 1),
(751, 199, 0),
(752, 11, 1),
(752, 199, 0),
(753, 102, 0),
(753, 126, 1),
(754, 102, 0),
(754, 126, 1),
(755, 27, 0),
(755, 35, 0),
(755, 44, 1),
(756, 27, 0),
(756, 35, 0),
(756, 44, 1),
(757, 12, 1),
(757, 212, 0),
(758, 12, 1),
(758, 212, 0),
(759, 56, 1),
(759, 103, 0),
(759, 218, 0),
(760, 103, 0),
(760, 127, 1),
(760, 218, 0),
(761, 12, 0),
(761, 102, 0),
(761, 175, 1),
(762, 12, 0),
(762, 102, 0),
(762, 175, 1),
(763, 102, 0),
(763, 175, 1),
(763, 214, 0),
(764, 30, 1),
(764, 166, 0),
(764, 205, 0),
(765, 39, 0),
(765, 140, 0),
(765, 180, 1),
(766, 128, 1),
(766, 222, 0),
(767, 193, 0),
(768, 194, 0),
(769, 8, 1),
(769, 195, 0),
(770, 8, 1),
(770, 195, 0),
(771, 109, 1),
(771, 215, 0),
(772, 4, 0),
(773, 225, 0),
(774, 197, 0),
(775, 213, 0),
(776, 75, 0),
(777, 5, 1),
(777, 31, 0),
(777, 160, 0),
(778, 209, 0),
(779, 147, 1),
(779, 173, 0),
(779, 219, 0),
(780, 13, 1),
(780, 157, 0),
(780, 201, 0),
(781, 200, 0),
(782, 43, 0),
(782, 142, 1),
(782, 171, 0),
(783, 43, 0),
(783, 142, 1),
(783, 171, 0),
(784, 43, 0),
(784, 142, 1),
(784, 171, 0),
(785, 140, 1),
(785, 226, 0),
(786, 140, 1),
(786, 227, 0),
(787, 140, 1),
(787, 229, 0),
(788, 140, 1),
(788, 228, 0),
(789, 109, 0),
(790, 5, 0),
(791, 230, 0),
(792, 231, 0),
(793, 224, 0),
(794, 224, 0),
(795, 224, 0),
(796, 224, 0),
(797, 224, 0),
(798, 224, 0),
(799, 224, 0),
(800, 232, 0),
(801, 220, 0),
(802, 101, 0),
(803, 224, 0),
(804, 224, 0),
(805, 224, 0),
(806, 224, 0),
(807, 10, 0),
(10001, 46, 0),
(10002, 46, 0),
(10003, 46, 0),
(10004, 107, 0),
(10004, 142, 1),
(10005, 107, 0),
(10005, 142, 1),
(10006, 32, 0),
(10007, 26, 0),
(10008, 26, 0),
(10009, 26, 0),
(10010, 26, 0),
(10011, 26, 0),
(10012, 26, 0),
(10013, 59, 0),
(10014, 59, 0),
(10015, 59, 0),
(10016, 69, 0),
(10016, 91, 0),
(10016, 104, 1),
(10017, 125, 0),
(10017, 161, 1),
(10018, 32, 0),
(10019, 144, 0),
(10020, 10, 0),
(10021, 22, 0),
(10022, 164, 0),
(10023, 163, 0),
(10024, 154, 0),
(10025, 51, 0),
(10025, 151, 0),
(10025, 172, 1),
(10026, 176, 0),
(10027, 15, 1),
(10027, 53, 0),
(10027, 119, 0),
(10028, 15, 1),
(10028, 53, 0),
(10028, 119, 0),
(10029, 15, 1),
(10029, 53, 0),
(10029, 119, 0),
(10030, 15, 1),
(10030, 53, 0),
(10030, 119, 0),
(10031, 15, 1),
(10031, 53, 0),
(10031, 119, 0),
(10032, 15, 1),
(10032, 53, 0),
(10032, 119, 0),
(10033, 47, 0),
(10034, 181, 0),
(10035, 70, 0),
(10036, 178, 0),
(10037, 36, 0),
(10038, 23, 0),
(10039, 185, 0),
(10040, 184, 0),
(10041, 104, 0),
(10042, 181, 0),
(10043, 80, 0),
(10044, 15, 0),
(10045, 104, 0),
(10046, 101, 0),
(10047, 92, 0),
(10048, 94, 0),
(10049, 45, 0),
(10050, 3, 0),
(10051, 182, 0),
(10052, 37, 0),
(10053, 111, 0),
(10054, 74, 0),
(10055, 22, 0),
(10056, 158, 0),
(10057, 156, 0),
(10058, 159, 0),
(10059, 91, 0),
(10060, 117, 0),
(10061, 166, 0),
(10061, 180, 1),
(10062, 26, 0),
(10063, 26, 0),
(10064, 33, 0),
(10065, 31, 0),
(10066, 156, 0),
(10067, 182, 0),
(10068, 39, 0),
(10069, 131, 0),
(10070, 173, 0),
(10071, 75, 0),
(10072, 159, 0),
(10073, 99, 0),
(10074, 174, 0),
(10075, 156, 0),
(10076, 181, 0),
(10077, 189, 0),
(10078, 190, 0),
(10079, 191, 0),
(10080, 9, 0),
(10080, 31, 1),
(10081, 9, 0),
(10081, 31, 1),
(10082, 9, 0),
(10082, 31, 1),
(10083, 9, 0),
(10083, 31, 1),
(10084, 9, 0),
(10084, 31, 1),
(10085, 9, 0),
(10085, 31, 1),
(10086, 170, 0),
(10087, 125, 0),
(10088, 113, 0),
(10089, 184, 0),
(10090, 91, 0),
(10091, 47, 1),
(10091, 55, 0),
(10091, 82, 0),
(10092, 47, 1),
(10092, 55, 0),
(10092, 82, 0),
(10093, 47, 1),
(10093, 55, 0),
(10093, 82, 0),
(10094, 9, 0),
(10094, 31, 1),
(10095, 9, 0),
(10095, 31, 1),
(10096, 9, 0),
(10096, 31, 1),
(10097, 9, 0),
(10097, 31, 1),
(10098, 9, 0),
(10098, 31, 1),
(10099, 9, 0),
(10099, 31, 1),
(10100, 207, 0),
(10101, 81, 0),
(10101, 202, 1),
(10102, 81, 0),
(10102, 202, 1),
(10103, 81, 0),
(10103, 117, 1),
(10104, 81, 0),
(10104, 117, 1),
(10105, 8, 0),
(10105, 159, 1),
(10105, 221, 0),
(10106, 8, 0),
(10106, 159, 1),
(10106, 221, 0),
(10107, 53, 0),
(10107, 101, 0),
(10107, 155, 1),
(10108, 101, 0),
(10108, 155, 1),
(10108, 169, 0),
(10109, 5, 0),
(10109, 42, 0),
(10109, 206, 1),
(10110, 5, 0),
(10110, 42, 0),
(10110, 206, 1),
(10111, 5, 0),
(10111, 42, 0),
(10111, 206, 1),
(10112, 82, 0),
(10112, 143, 0),
(10112, 223, 1),
(10113, 82, 0),
(10113, 143, 0),
(10113, 223, 1),
(10114, 119, 0),
(10114, 139, 1),
(10115, 31, 0),
(10115, 69, 1),
(10115, 130, 0),
(10116, 210, 0),
(10117, 210, 0),
(10118, 211, 0),
(10119, 211, 0),
(10120, 211, 0),
(10121, 91, 1),
(10121, 173, 0),
(10121, 198, 0),
(10122, 26, 0),
(10123, 216, 0),
(10124, 216, 0),
(10125, 216, 0),
(10126, 51, 0),
(10126, 72, 0),
(10126, 99, 1),
(10127, 208, 0),
(10128, 102, 0),
(10128, 126, 1),
(10129, 12, 1),
(10129, 212, 0),
(10130, 197, 0),
(10131, 197, 0),
(10132, 197, 0),
(10133, 197, 0),
(10134, 197, 0),
(10135, 197, 0),
(10136, 197, 0),
(10137, 197, 0),
(10138, 197, 0),
(10139, 197, 0),
(10140, 197, 0),
(10141, 197, 0),
(10142, 197, 0),
(10143, 209, 0),
(10144, 209, 0),
(10145, 209, 0),
(10146, 43, 0),
(10146, 142, 1),
(10146, 171, 0),
(10147, 220, 0),
(10148, 9, 0),
(10148, 31, 1),
(10149, 31, 0),
(10149, 69, 1),
(10149, 130, 0),
(10150, 19, 0),
(10150, 118, 0),
(10150, 175, 1),
(10151, 20, 0),
(10152, 181, 0),
(10153, 11, 1),
(10153, 199, 0),
(10154, 5, 1),
(10154, 31, 0),
(10154, 160, 0),
(10155, 232, 0),
(10156, 232, 0),
(10157, 233, 0);

CREATE TABLE Est_pourvu (
  Id_Pokémon integer NOT NULL DEFAULT '0',
  Id_Statistiques integer NOT NULL DEFAULT '0'
) ;

INSERT INTO Est_pourvu (Id_Pokémon, Id_Statistiques) VALUES
(1, 1),
(2, 2),
(3, 3),
(4, 4),
(5, 5),
(6, 6),
(7, 7),
(8, 8),
(9, 9),
(10, 10),
(11, 11),
(12, 12),
(13, 13),
(14, 14),
(15, 15),
(16, 16),
(17, 17),
(18, 18),
(19, 19),
(20, 20),
(21, 21),
(22, 22),
(23, 23),
(24, 24),
(25, 25),
(26, 26),
(27, 27),
(28, 28),
(29, 29),
(30, 30),
(31, 31),
(32, 32),
(33, 33),
(34, 34),
(35, 35),
(36, 36),
(37, 37),
(38, 38),
(39, 39),
(40, 40),
(41, 41),
(42, 42),
(43, 43),
(44, 44),
(45, 45),
(46, 46),
(47, 47),
(48, 48),
(49, 49),
(50, 50),
(51, 51),
(52, 52),
(53, 53),
(54, 54),
(55, 55),
(56, 56),
(57, 57),
(58, 58),
(59, 59),
(60, 60),
(61, 61),
(62, 62),
(63, 63),
(64, 64),
(65, 65),
(66, 66),
(67, 67),
(68, 68),
(69, 69),
(70, 70),
(71, 71),
(72, 72),
(73, 73),
(74, 74),
(75, 75),
(76, 76),
(77, 77),
(78, 78),
(79, 79),
(80, 80),
(81, 81),
(82, 82),
(83, 83),
(84, 84),
(85, 85),
(86, 86),
(87, 87),
(88, 88),
(89, 89),
(90, 90),
(91, 91),
(92, 92),
(93, 93),
(94, 94),
(95, 95),
(96, 96),
(97, 97),
(98, 98),
(99, 99),
(100, 100),
(101, 101),
(102, 102),
(103, 103),
(104, 104),
(105, 105),
(106, 106),
(107, 107),
(108, 108),
(109, 109),
(110, 110),
(111, 111),
(112, 112),
(113, 113),
(114, 114),
(115, 115),
(116, 116),
(117, 117),
(118, 118),
(119, 119),
(120, 120),
(121, 121),
(122, 122),
(123, 123),
(124, 124),
(125, 125),
(126, 126),
(127, 127),
(128, 128),
(129, 129),
(130, 130),
(131, 131),
(132, 132),
(133, 133),
(134, 134),
(135, 135),
(136, 136),
(137, 137),
(138, 138),
(139, 139),
(140, 140),
(141, 141),
(142, 142),
(143, 143),
(144, 144),
(145, 145),
(146, 146),
(147, 147),
(148, 148),
(149, 149),
(150, 150),
(151, 151),
(152, 152),
(153, 153),
(154, 154),
(155, 155),
(156, 156),
(157, 157),
(158, 158),
(159, 159),
(160, 160),
(161, 161),
(162, 162),
(163, 163),
(164, 164),
(165, 165),
(166, 166),
(167, 167),
(168, 168),
(169, 169),
(170, 170),
(171, 171),
(172, 172),
(173, 173),
(174, 174),
(175, 175),
(176, 176),
(177, 177),
(178, 178),
(179, 179),
(180, 180),
(181, 181),
(182, 182),
(183, 183),
(184, 184),
(185, 185),
(186, 186),
(187, 187),
(188, 188),
(189, 189),
(190, 190),
(191, 191),
(192, 192),
(193, 193),
(194, 194),
(195, 195),
(196, 196),
(197, 197),
(198, 198),
(199, 199),
(200, 200),
(201, 201),
(202, 202),
(203, 203),
(204, 204),
(205, 205),
(206, 206),
(207, 207),
(208, 208),
(209, 209),
(210, 210),
(211, 211),
(212, 212),
(213, 213),
(214, 214),
(215, 215),
(216, 216),
(217, 217),
(218, 218),
(219, 219),
(220, 220),
(221, 221),
(222, 222),
(223, 223),
(224, 224),
(225, 225),
(226, 226),
(227, 227),
(228, 228),
(229, 229),
(230, 230),
(231, 231),
(232, 232),
(233, 233),
(234, 234),
(235, 235),
(236, 236),
(237, 237),
(238, 238),
(239, 239),
(240, 240),
(241, 241),
(242, 242),
(243, 243),
(244, 244),
(245, 245),
(246, 246),
(247, 247),
(248, 248),
(249, 249),
(250, 250),
(251, 251),
(252, 252),
(253, 253),
(254, 254),
(255, 255),
(256, 256),
(257, 257),
(258, 258),
(259, 259),
(260, 260),
(261, 261),
(262, 262),
(263, 263),
(264, 264),
(265, 265),
(266, 266),
(267, 267),
(268, 268),
(269, 269),
(270, 270),
(271, 271),
(272, 272),
(273, 273),
(274, 274),
(275, 275),
(276, 276),
(277, 277),
(278, 278),
(279, 279),
(280, 280),
(281, 281),
(282, 282),
(283, 283),
(284, 284),
(285, 285),
(286, 286),
(287, 287),
(288, 288),
(289, 289),
(290, 290),
(291, 291),
(292, 292),
(293, 293),
(294, 294),
(295, 295),
(296, 296),
(297, 297),
(298, 298),
(299, 299),
(300, 300),
(301, 301),
(302, 302),
(303, 303),
(304, 304),
(305, 305),
(306, 306),
(307, 307),
(308, 308),
(309, 309),
(310, 310),
(311, 311),
(312, 312),
(313, 313),
(314, 314),
(315, 315),
(316, 316),
(317, 317),
(318, 318),
(319, 319),
(320, 320),
(321, 321),
(322, 322),
(323, 323),
(324, 324),
(325, 325),
(326, 326),
(327, 327),
(328, 328),
(329, 329),
(330, 330),
(331, 331),
(332, 332),
(333, 333),
(334, 334),
(335, 335),
(336, 336),
(337, 337),
(338, 338),
(339, 339),
(340, 340),
(341, 341),
(342, 342),
(343, 343),
(344, 344),
(345, 345),
(346, 346),
(347, 347),
(348, 348),
(349, 349),
(350, 350),
(351, 351),
(352, 352),
(353, 353),
(354, 354),
(355, 355),
(356, 356),
(357, 357),
(358, 358),
(359, 359),
(360, 360),
(361, 361),
(362, 362),
(363, 363),
(364, 364),
(365, 365),
(366, 366),
(367, 367),
(368, 368),
(369, 369),
(370, 370),
(371, 371),
(372, 372),
(373, 373),
(374, 374),
(375, 375),
(376, 376),
(377, 377),
(378, 378),
(379, 379),
(380, 380),
(381, 381),
(382, 382),
(383, 383),
(384, 384),
(385, 385),
(386, 386),
(387, 387),
(388, 388),
(389, 389),
(390, 390),
(391, 391),
(392, 392),
(393, 393),
(394, 394),
(395, 395),
(396, 396),
(397, 397),
(398, 398),
(399, 399),
(400, 400),
(401, 401),
(402, 402),
(403, 403),
(404, 404),
(405, 405),
(406, 406),
(407, 407),
(408, 408),
(409, 409),
(410, 410),
(411, 411),
(412, 412),
(413, 413),
(414, 414),
(415, 415),
(416, 416),
(417, 417),
(418, 418),
(419, 419),
(420, 420),
(421, 421),
(422, 422),
(423, 423),
(424, 424),
(425, 425),
(426, 426),
(427, 427),
(428, 428),
(429, 429),
(430, 430),
(431, 431),
(432, 432),
(433, 433),
(434, 434),
(435, 435),
(436, 436),
(437, 437),
(438, 438),
(439, 439),
(440, 440),
(441, 441),
(442, 442),
(443, 443),
(444, 444),
(445, 445),
(446, 446),
(447, 447),
(448, 448),
(449, 449),
(450, 450),
(451, 451),
(452, 452),
(453, 453),
(454, 454),
(455, 455),
(456, 456),
(457, 457),
(458, 458),
(459, 459),
(460, 460),
(461, 461),
(462, 462),
(463, 463),
(464, 464),
(465, 465),
(466, 466),
(467, 467),
(468, 468),
(469, 469),
(470, 470),
(471, 471),
(472, 472),
(473, 473),
(474, 474),
(475, 475),
(476, 476),
(477, 477),
(478, 478),
(479, 479),
(480, 480),
(481, 481),
(482, 482),
(483, 483),
(484, 484),
(485, 485),
(486, 486),
(487, 487),
(488, 488),
(489, 489),
(490, 490),
(491, 491),
(492, 492),
(493, 493),
(494, 494),
(495, 495),
(496, 496),
(497, 497),
(498, 498),
(499, 499),
(500, 500),
(501, 501),
(502, 502),
(503, 503),
(504, 504),
(505, 505),
(506, 506),
(507, 507),
(508, 508),
(509, 509),
(510, 510),
(511, 511),
(512, 512),
(513, 513),
(514, 514),
(515, 515),
(516, 516),
(517, 517),
(518, 518),
(519, 519),
(520, 520),
(521, 521),
(522, 522),
(523, 523),
(524, 524),
(525, 525),
(526, 526),
(527, 527),
(528, 528),
(529, 529),
(530, 530),
(531, 531),
(532, 532),
(533, 533),
(534, 534),
(535, 535),
(536, 536),
(537, 537),
(538, 538),
(539, 539),
(540, 540),
(541, 541),
(542, 542),
(543, 543),
(544, 544),
(545, 545),
(546, 546),
(547, 547),
(548, 548),
(549, 549),
(550, 550),
(551, 551),
(552, 552),
(553, 553),
(554, 554),
(555, 555),
(556, 556),
(557, 557),
(558, 558),
(559, 559),
(560, 560),
(561, 561),
(562, 562),
(563, 563),
(564, 564),
(565, 565),
(566, 566),
(567, 567),
(568, 568),
(569, 569),
(570, 570),
(571, 571),
(572, 572),
(573, 573),
(574, 574),
(575, 575),
(576, 576),
(577, 577),
(578, 578),
(579, 579),
(580, 580),
(581, 581),
(582, 582),
(583, 583),
(584, 584),
(585, 585),
(586, 586),
(587, 587),
(588, 588),
(589, 589),
(590, 590),
(591, 591),
(592, 592),
(593, 593),
(594, 594),
(595, 595),
(596, 596),
(597, 597),
(598, 598),
(599, 599),
(600, 600),
(601, 601),
(602, 602),
(603, 603),
(604, 604),
(605, 605),
(606, 606),
(607, 607),
(608, 608),
(609, 609),
(610, 610),
(611, 611),
(612, 612),
(613, 613),
(614, 614),
(615, 615),
(616, 616),
(617, 617),
(618, 618),
(619, 619),
(620, 620),
(621, 621),
(622, 622),
(623, 623),
(624, 624),
(625, 625),
(626, 626),
(627, 627),
(628, 628),
(629, 629),
(630, 630),
(631, 631),
(632, 632),
(633, 633),
(634, 634),
(635, 635),
(636, 636),
(637, 637),
(638, 638),
(639, 639),
(640, 640),
(641, 641),
(642, 642),
(643, 643),
(644, 644),
(645, 645),
(646, 646),
(647, 647),
(648, 648),
(649, 649),
(650, 650),
(651, 651),
(652, 652),
(653, 653),
(654, 654),
(655, 655),
(656, 656),
(657, 657),
(658, 658),
(659, 659),
(660, 660),
(661, 661),
(662, 662),
(663, 663),
(664, 664),
(665, 665),
(666, 666),
(667, 667),
(668, 668),
(669, 669),
(670, 670),
(671, 671),
(672, 672),
(673, 673),
(674, 674),
(675, 675),
(676, 676),
(677, 677),
(678, 678),
(679, 679),
(680, 680),
(681, 681),
(682, 682),
(683, 683),
(684, 684),
(685, 685),
(686, 686),
(687, 687),
(688, 688),
(689, 689),
(690, 690),
(691, 691),
(692, 692),
(693, 693),
(694, 694),
(695, 695),
(696, 696),
(697, 697),
(698, 698),
(699, 699),
(700, 700),
(701, 701),
(702, 702),
(703, 703),
(704, 704),
(705, 705),
(706, 706),
(707, 707),
(708, 708),
(709, 709),
(710, 710),
(711, 711),
(712, 712),
(713, 713),
(714, 714),
(715, 715),
(716, 716),
(717, 717),
(718, 718),
(719, 719),
(720, 720),
(721, 721),
(722, 722),
(723, 723),
(724, 724),
(725, 725),
(726, 726),
(727, 727),
(728, 728),
(729, 729),
(730, 730),
(731, 731),
(732, 732),
(733, 733),
(734, 734),
(735, 735),
(736, 736),
(737, 737),
(738, 738),
(739, 739),
(740, 740),
(741, 741),
(742, 742),
(743, 743),
(744, 744),
(745, 745),
(746, 746),
(747, 747),
(748, 748),
(749, 749),
(750, 750),
(751, 751),
(752, 752),
(753, 753),
(754, 754),
(755, 755),
(756, 756),
(757, 757),
(758, 758),
(759, 759),
(760, 760),
(761, 761),
(762, 762),
(763, 763),
(764, 764),
(765, 765),
(766, 766),
(767, 767),
(768, 768),
(769, 769),
(770, 770),
(771, 771),
(772, 772),
(773, 773),
(774, 774),
(775, 775),
(776, 776),
(777, 777),
(778, 778),
(779, 779),
(780, 780),
(781, 781),
(782, 782),
(783, 783),
(784, 784),
(785, 785),
(786, 786),
(787, 787),
(788, 788),
(789, 789),
(790, 790),
(791, 791),
(792, 792),
(793, 793),
(794, 794),
(795, 795),
(796, 796),
(797, 797),
(798, 798),
(799, 799),
(800, 800);

CREATE TABLE Evolue (
  Id_Pokémon integer NOT NULL DEFAULT '0',
  Id_Pokémon_1 integer NOT NULL DEFAULT '0'
);

INSERT INTO Evolue (Id_Pokémon, Id_Pokémon_1) VALUES
(0, 0),
(1, 2),
(2, 3),
(3, 5),
(4, 6),
(5, 8),
(6, 9),
(7, 11),
(8, 12),
(9, 14),
(10, 15),
(11, 17),
(12, 18),
(13, 20),
(14, 22),
(15, 24),
(16, 25),
(17, 26),
(18, 28),
(19, 30),
(20, 31),
(21, 33),
(22, 34),
(23, 35),
(24, 36),
(25, 38),
(26, 39),
(27, 40),
(28, 42),
(29, 44),
(30, 45),
(31, 47),
(32, 49),
(33, 51),
(34, 53),
(35, 55),
(36, 57),
(37, 59),
(38, 61),
(39, 62),
(40, 64),
(41, 65),
(42, 67),
(43, 68),
(44, 70),
(45, 71),
(46, 73),
(47, 75),
(48, 76),
(49, 78),
(50, 80),
(51, 82),
(52, 85),
(53, 87),
(54, 89),
(55, 91),
(56, 93),
(57, 94),
(58, 97),
(59, 99),
(60, 101),
(61, 103),
(62, 105),
(367, 105),
(63, 106),
(64, 107),
(65, 110),
(66, 112),
(67, 113),
(68, 117),
(69, 119),
(70, 121),
(71, 122),
(72, 124),
(73, 125),
(74, 126),
(75, 130),
(76, 134),
(77, 135),
(78, 136),
(79, 139),
(80, 141),
(81, 143),
(82, 148),
(83, 149),
(84, 153),
(85, 154),
(86, 156),
(87, 157),
(88, 159),
(89, 160),
(90, 162),
(91, 164),
(92, 166),
(93, 168),
(94, 169),
(95, 171),
(96, 176),
(97, 178),
(98, 180),
(99, 181),
(100, 182),
(101, 183),
(102, 184),
(103, 185),
(104, 186),
(105, 188),
(106, 189),
(107, 192),
(108, 195),
(109, 196),
(110, 197),
(111, 199),
(112, 202),
(113, 205),
(114, 208),
(115, 210),
(116, 212),
(117, 217),
(118, 219),
(119, 221),
(120, 224),
(121, 226),
(122, 229),
(123, 230),
(124, 232),
(125, 233),
(126, 237),
(127, 242),
(128, 247),
(129, 248),
(130, 253),
(131, 254),
(132, 256),
(133, 257),
(134, 259),
(135, 260),
(136, 262),
(137, 264),
(138, 266),
(139, 267),
(140, 268),
(141, 269),
(142, 271),
(143, 272),
(144, 274),
(145, 275),
(146, 277),
(147, 279),
(148, 281),
(149, 282),
(150, 284),
(151, 286),
(152, 288),
(153, 289),
(154, 291),
(155, 292),
(156, 294),
(157, 295),
(158, 297),
(159, 301),
(160, 305),
(161, 306),
(162, 308),
(163, 310),
(164, 315),
(165, 317),
(166, 319),
(167, 321),
(168, 323),
(169, 326),
(170, 329),
(171, 330),
(172, 332),
(173, 334),
(174, 340),
(175, 342),
(176, 344),
(177, 346),
(178, 348),
(179, 350),
(321, 350),
(371, 350),
(180, 354),
(181, 356),
(182, 358),
(183, 362),
(184, 364),
(185, 365),
(186, 367),
(187, 368),
(188, 372),
(189, 373),
(190, 375),
(191, 376),
(192, 388),
(193, 389),
(194, 391),
(195, 392),
(196, 394),
(197, 395),
(198, 397),
(199, 398),
(200, 400),
(201, 402),
(202, 404),
(203, 405),
(204, 407),
(205, 409),
(206, 411),
(207, 413),
(208, 414),
(209, 416),
(210, 419),
(211, 421),
(212, 423),
(213, 424),
(214, 426),
(215, 428),
(216, 429),
(217, 430),
(218, 432),
(219, 435),
(220, 437),
(221, 444),
(222, 445),
(223, 448),
(224, 450),
(225, 452),
(226, 454),
(227, 457),
(228, 460),
(229, 461),
(230, 462),
(322, 462),
(362, 462),
(366, 462),
(231, 463),
(232, 464),
(233, 465),
(234, 466),
(235, 467),
(236, 468),
(237, 469),
(238, 470),
(324, 470),
(363, 470),
(368, 470),
(239, 471),
(325, 471),
(364, 471),
(369, 471),
(240, 472),
(241, 473),
(242, 474),
(243, 475),
(244, 476),
(323, 476),
(365, 476),
(370, 476),
(245, 477),
(246, 478),
(247, 496),
(248, 497),
(249, 499),
(250, 500),
(251, 502),
(252, 503),
(253, 505),
(254, 507),
(255, 508),
(256, 510),
(257, 512),
(258, 514),
(259, 516),
(260, 518),
(261, 520),
(262, 521),
(263, 523),
(264, 525),
(265, 526),
(266, 528),
(267, 530),
(268, 533),
(269, 534),
(270, 536),
(271, 537),
(272, 541),
(273, 542),
(274, 544),
(275, 545),
(276, 547),
(277, 549),
(278, 552),
(279, 553),
(280, 555),
(281, 558),
(282, 560),
(283, 563),
(284, 565),
(285, 567),
(286, 569),
(287, 571),
(288, 573),
(289, 575),
(290, 576),
(291, 578),
(292, 579),
(293, 581),
(294, 583),
(295, 584),
(296, 586),
(297, 589),
(298, 591),
(299, 593),
(300, 596),
(301, 598),
(302, 600),
(303, 601),
(304, 603),
(305, 604),
(306, 606),
(307, 608),
(308, 609),
(309, 611),
(310, 612),
(311, 614),
(312, 617),
(313, 620),
(314, 623),
(315, 625),
(316, 628),
(317, 630),
(318, 634),
(319, 635),
(320, 637),
(334, 651),
(336, 652),
(331, 654),
(333, 655),
(337, 657),
(338, 658),
(345, 660),
(328, 662),
(330, 663),
(342, 665),
(341, 666),
(356, 668),
(346, 670),
(347, 671),
(357, 673),
(349, 675),
(360, 678),
(372, 678),
(339, 680),
(348, 681),
(327, 683),
(350, 685),
(332, 687),
(343, 689),
(351, 691),
(335, 693),
(355, 695),
(352, 697),
(353, 699),
(361, 700),
(340, 705),
(358, 706),
(329, 709),
(344, 711),
(354, 713),
(359, 715),
(373, 723),
(374, 724),
(375, 726),
(376, 727),
(377, 729),
(378, 730),
(379, 732),
(380, 733),
(381, 735),
(382, 737),
(383, 738),
(384, 740),
(385, 743),
(386, 745),
(387, 745),
(388, 748),
(389, 750),
(390, 752),
(391, 754),
(392, 756),
(393, 758),
(394, 760),
(395, 762),
(396, 763),
(397, 768),
(398, 770),
(399, 773),
(400, 783),
(401, 784),
(402, 790),
(403, 791),
(404, 792),
(405, 804);

CREATE TABLE Génération (
  Id_Génération integer NOT NULL DEFAULT '0',
  nom varchar(20) DEFAULT NULL,
  date_sortie integer DEFAULT NULL
);

INSERT INTO Génération (Id_Génération, nom, date_sortie) VALUES
(1, 'generation-i', 1996),
(2, 'generation-ii', 1999),
(3, 'generation-iii', 2002),
(4, 'generation-iv', 2006),
(5, 'generation-v', 2010),
(6, 'generation-vi', 2013),
(7, 'generation-vii', 2016);

CREATE TABLE Pokémon (
  Id_Pokémon integer NOT NULL DEFAULT '0',
  nom varchar(50) DEFAULT NULL,
  poids decimal(15,2) DEFAULT NULL,
  taille decimal(15,2) DEFAULT NULL
);

--
-- Contenu de la table Pokémon
--

INSERT INTO Pokémon (Id_Pokémon, nom, poids, taille) VALUES
(1, 'bulbasaur', '69.00', '7.00'),
(2, 'ivysaur', '130.00', '10.00'),
(3, 'venusaur', '1000.00', '20.00'),
(4, 'charmander', '85.00', '6.00'),
(5, 'charmeleon', '190.00', '11.00'),
(6, 'charizard', '905.00', '17.00'),
(7, 'squirtle', '90.00', '5.00'),
(8, 'wartortle', '225.00', '10.00'),
(9, 'blastoise', '855.00', '16.00'),
(10, 'caterpie', '29.00', '3.00'),
(11, 'metapod', '99.00', '7.00'),
(12, 'butterfree', '320.00', '11.00'),
(13, 'weedle', '32.00', '3.00'),
(14, 'kakuna', '100.00', '6.00'),
(15, 'beedrill', '295.00', '10.00'),
(16, 'pidgey', '18.00', '3.00'),
(17, 'pidgeotto', '300.00', '11.00'),
(18, 'pidgeot', '395.00', '15.00'),
(19, 'rattata', '35.00', '3.00'),
(20, 'raticate', '185.00', '7.00'),
(21, 'spearow', '20.00', '3.00'),
(22, 'fearow', '380.00', '12.00'),
(23, 'ekans', '69.00', '20.00'),
(24, 'arbok', '650.00', '35.00'),
(25, 'pikachu', '60.00', '4.00'),
(26, 'raichu', '300.00', '8.00'),
(27, 'sandshrew', '120.00', '6.00'),
(28, 'sandslash', '295.00', '10.00'),
(29, 'nidoran-f', '70.00', '4.00'),
(30, 'nidorina', '200.00', '8.00'),
(31, 'nidoqueen', '600.00', '13.00'),
(32, 'nidoran-m', '90.00', '5.00'),
(33, 'nidorino', '195.00', '9.00'),
(34, 'nidoking', '620.00', '14.00'),
(35, 'clefairy', '75.00', '6.00'),
(36, 'clefable', '400.00', '13.00'),
(37, 'vulpix', '99.00', '6.00'),
(38, 'ninetales', '199.00', '11.00'),
(39, 'jigglypuff', '55.00', '5.00'),
(40, 'wigglytuff', '120.00', '10.00'),
(41, 'zubat', '75.00', '8.00'),
(42, 'golbat', '550.00', '16.00'),
(43, 'oddish', '54.00', '5.00'),
(44, 'gloom', '86.00', '8.00'),
(45, 'vileplume', '186.00', '12.00'),
(46, 'paras', '54.00', '3.00'),
(47, 'parasect', '295.00', '10.00'),
(48, 'venonat', '300.00', '10.00'),
(49, 'venomoth', '125.00', '15.00'),
(50, 'diglett', '8.00', '2.00'),
(51, 'dugtrio', '333.00', '7.00'),
(52, 'meowth', '42.00', '4.00'),
(53, 'persian', '320.00', '10.00'),
(54, 'psyduck', '196.00', '8.00'),
(55, 'golduck', '766.00', '17.00'),
(56, 'mankey', '280.00', '5.00'),
(57, 'primeape', '320.00', '10.00'),
(58, 'growlithe', '190.00', '7.00'),
(59, 'arcanine', '1550.00', '19.00'),
(60, 'poliwag', '124.00', '6.00'),
(61, 'poliwhirl', '200.00', '10.00'),
(62, 'poliwrath', '540.00', '13.00'),
(63, 'abra', '195.00', '9.00'),
(64, 'kadabra', '565.00', '13.00'),
(65, 'alakazam', '480.00', '15.00'),
(66, 'machop', '195.00', '8.00'),
(67, 'machoke', '705.00', '15.00'),
(68, 'machamp', '1300.00', '16.00'),
(69, 'bellsprout', '40.00', '7.00'),
(70, 'weepinbell', '64.00', '10.00'),
(71, 'victreebel', '155.00', '17.00'),
(72, 'tentacool', '455.00', '9.00'),
(73, 'tentacruel', '550.00', '16.00'),
(74, 'geodude', '200.00', '4.00'),
(75, 'graveler', '1050.00', '10.00'),
(76, 'golem', '3000.00', '14.00'),
(77, 'ponyta', '300.00', '10.00'),
(78, 'rapidash', '950.00', '17.00'),
(79, 'slowpoke', '360.00', '12.00'),
(80, 'slowbro', '785.00', '16.00'),
(81, 'magnemite', '60.00', '3.00'),
(82, 'magneton', '600.00', '10.00'),
(83, 'farfetchd', '150.00', '8.00'),
(84, 'doduo', '392.00', '14.00'),
(85, 'dodrio', '852.00', '18.00'),
(86, 'seel', '900.00', '11.00'),
(87, 'dewgong', '1200.00', '17.00'),
(88, 'grimer', '300.00', '9.00'),
(89, 'muk', '300.00', '12.00'),
(90, 'shellder', '40.00', '3.00'),
(91, 'cloyster', '1325.00', '15.00'),
(92, 'gastly', '1.00', '13.00'),
(93, 'haunter', '1.00', '16.00'),
(94, 'gengar', '405.00', '15.00'),
(95, 'onix', '2100.00', '88.00'),
(96, 'drowzee', '324.00', '10.00'),
(97, 'hypno', '756.00', '16.00'),
(98, 'krabby', '65.00', '4.00'),
(99, 'kingler', '600.00', '13.00'),
(100, 'voltorb', '104.00', '5.00'),
(101, 'electrode', '666.00', '12.00'),
(102, 'exeggcute', '25.00', '4.00'),
(103, 'exeggutor', '1200.00', '20.00'),
(104, 'cubone', '65.00', '4.00'),
(105, 'marowak', '450.00', '10.00'),
(106, 'hitmonlee', '498.00', '15.00'),
(107, 'hitmonchan', '502.00', '14.00'),
(108, 'lickitung', '655.00', '12.00'),
(109, 'koffing', '10.00', '6.00'),
(110, 'weezing', '95.00', '12.00'),
(111, 'rhyhorn', '1150.00', '10.00'),
(112, 'rhydon', '1200.00', '19.00'),
(113, 'chansey', '346.00', '11.00'),
(114, 'tangela', '350.00', '10.00'),
(115, 'kangaskhan', '800.00', '22.00'),
(116, 'horsea', '80.00', '4.00'),
(117, 'seadra', '250.00', '12.00'),
(118, 'goldeen', '150.00', '6.00'),
(119, 'seaking', '390.00', '13.00'),
(120, 'staryu', '345.00', '8.00'),
(121, 'starmie', '800.00', '11.00'),
(122, 'mr-mime', '545.00', '13.00'),
(123, 'scyther', '560.00', '15.00'),
(124, 'jynx', '406.00', '14.00'),
(125, 'electabuzz', '300.00', '11.00'),
(126, 'magmar', '445.00', '13.00'),
(127, 'pinsir', '550.00', '15.00'),
(128, 'tauros', '884.00', '14.00'),
(129, 'magikarp', '100.00', '9.00'),
(130, 'gyarados', '2350.00', '65.00'),
(131, 'lapras', '2200.00', '25.00'),
(132, 'ditto', '40.00', '3.00'),
(133, 'eevee', '65.00', '3.00'),
(134, 'vaporeon', '290.00', '10.00'),
(135, 'jolteon', '245.00', '8.00'),
(136, 'flareon', '250.00', '9.00'),
(137, 'porygon', '365.00', '8.00'),
(138, 'omanyte', '75.00', '4.00'),
(139, 'omastar', '350.00', '10.00'),
(140, 'kabuto', '115.00', '5.00'),
(141, 'kabutops', '405.00', '13.00'),
(142, 'aerodactyl', '590.00', '18.00'),
(143, 'snorlax', '4600.00', '21.00'),
(144, 'articuno', '554.00', '17.00'),
(145, 'zapdos', '526.00', '16.00'),
(146, 'moltres', '600.00', '20.00'),
(147, 'dratini', '33.00', '18.00'),
(148, 'dragonair', '165.00', '40.00'),
(149, 'dragonite', '2100.00', '22.00'),
(150, 'mewtwo', '1220.00', '20.00'),
(151, 'mew', '40.00', '4.00'),
(152, 'chikorita', '64.00', '9.00'),
(153, 'bayleef', '158.00', '12.00'),
(154, 'meganium', '1005.00', '18.00'),
(155, 'cyndaquil', '79.00', '5.00'),
(156, 'quilava', '190.00', '9.00'),
(157, 'typhlosion', '795.00', '17.00'),
(158, 'totodile', '95.00', '6.00'),
(159, 'croconaw', '250.00', '11.00'),
(160, 'feraligatr', '888.00', '23.00'),
(161, 'sentret', '60.00', '8.00'),
(162, 'furret', '325.00', '18.00'),
(163, 'hoothoot', '212.00', '7.00'),
(164, 'noctowl', '408.00', '16.00'),
(165, 'ledyba', '108.00', '10.00'),
(166, 'ledian', '356.00', '14.00'),
(167, 'spinarak', '85.00', '5.00'),
(168, 'ariados', '335.00', '11.00'),
(169, 'crobat', '750.00', '18.00'),
(170, 'chinchou', '120.00', '5.00'),
(171, 'lanturn', '225.00', '12.00'),
(172, 'pichu', '20.00', '3.00'),
(173, 'cleffa', '30.00', '3.00'),
(174, 'igglybuff', '10.00', '3.00'),
(175, 'togepi', '15.00', '3.00'),
(176, 'togetic', '32.00', '6.00'),
(177, 'natu', '20.00', '2.00'),
(178, 'xatu', '150.00', '15.00'),
(179, 'mareep', '78.00', '6.00'),
(180, 'flaaffy', '133.00', '8.00'),
(181, 'ampharos', '615.00', '14.00'),
(182, 'bellossom', '58.00', '4.00'),
(183, 'marill', '85.00', '4.00'),
(184, 'azumarill', '285.00', '8.00'),
(185, 'sudowoodo', '380.00', '12.00'),
(186, 'politoed', '339.00', '11.00'),
(187, 'hoppip', '5.00', '4.00'),
(188, 'skiploom', '10.00', '6.00'),
(189, 'jumpluff', '30.00', '8.00'),
(190, 'aipom', '115.00', '8.00'),
(191, 'sunkern', '18.00', '3.00'),
(192, 'sunflora', '85.00', '8.00'),
(193, 'yanma', '380.00', '12.00'),
(194, 'wooper', '85.00', '4.00'),
(195, 'quagsire', '750.00', '14.00'),
(196, 'espeon', '265.00', '9.00'),
(197, 'umbreon', '270.00', '10.00'),
(198, 'murkrow', '21.00', '5.00'),
(199, 'slowking', '795.00', '20.00'),
(200, 'misdreavus', '10.00', '7.00'),
(201, 'unown', '50.00', '5.00'),
(202, 'wobbuffet', '285.00', '13.00'),
(203, 'girafarig', '415.00', '15.00'),
(204, 'pineco', '72.00', '6.00'),
(205, 'forretress', '1258.00', '12.00'),
(206, 'dunsparce', '140.00', '15.00'),
(207, 'gligar', '648.00', '11.00'),
(208, 'steelix', '4000.00', '92.00'),
(209, 'snubbull', '78.00', '6.00'),
(210, 'granbull', '487.00', '14.00'),
(211, 'qwilfish', '39.00', '5.00'),
(212, 'scizor', '1180.00', '18.00'),
(213, 'shuckle', '205.00', '6.00'),
(214, 'heracross', '540.00', '15.00'),
(215, 'sneasel', '280.00', '9.00'),
(216, 'teddiursa', '88.00', '6.00'),
(217, 'ursaring', '1258.00', '18.00'),
(218, 'slugma', '350.00', '7.00'),
(219, 'magcargo', '550.00', '8.00'),
(220, 'swinub', '65.00', '4.00'),
(221, 'piloswine', '558.00', '11.00'),
(222, 'corsola', '50.00', '6.00'),
(223, 'remoraid', '120.00', '6.00'),
(224, 'octillery', '285.00', '9.00'),
(225, 'delibird', '160.00', '9.00'),
(226, 'mantine', '2200.00', '21.00'),
(227, 'skarmory', '505.00', '17.00'),
(228, 'houndour', '108.00', '6.00'),
(229, 'houndoom', '350.00', '14.00'),
(230, 'kingdra', '1520.00', '18.00'),
(231, 'phanpy', '335.00', '5.00'),
(232, 'donphan', '1200.00', '11.00'),
(233, 'porygon2', '325.00', '6.00'),
(234, 'stantler', '712.00', '14.00'),
(235, 'smeargle', '580.00', '12.00'),
(236, 'tyrogue', '210.00', '7.00'),
(237, 'hitmontop', '480.00', '14.00'),
(238, 'smoochum', '60.00', '4.00'),
(239, 'elekid', '235.00', '6.00'),
(240, 'magby', '214.00', '7.00'),
(241, 'miltank', '755.00', '12.00'),
(242, 'blissey', '468.00', '15.00'),
(243, 'raikou', '1780.00', '19.00'),
(244, 'entei', '1980.00', '21.00'),
(245, 'suicune', '1870.00', '20.00'),
(246, 'larvitar', '720.00', '6.00'),
(247, 'pupitar', '1520.00', '12.00'),
(248, 'tyranitar', '2020.00', '20.00'),
(249, 'lugia', '2160.00', '52.00'),
(250, 'ho-oh', '1990.00', '38.00'),
(251, 'celebi', '50.00', '6.00'),
(252, 'treecko', '50.00', '5.00'),
(253, 'grovyle', '216.00', '9.00'),
(254, 'sceptile', '522.00', '17.00'),
(255, 'torchic', '25.00', '4.00'),
(256, 'combusken', '195.00', '9.00'),
(257, 'blaziken', '520.00', '19.00'),
(258, 'mudkip', '76.00', '4.00'),
(259, 'marshtomp', '280.00', '7.00'),
(260, 'swampert', '819.00', '15.00'),
(261, 'poochyena', '136.00', '5.00'),
(262, 'mightyena', '370.00', '10.00'),
(263, 'zigzagoon', '175.00', '4.00'),
(264, 'linoone', '325.00', '5.00'),
(265, 'wurmple', '36.00', '3.00'),
(266, 'silcoon', '100.00', '6.00'),
(267, 'beautifly', '284.00', '10.00'),
(268, 'cascoon', '115.00', '7.00'),
(269, 'dustox', '316.00', '12.00'),
(270, 'lotad', '26.00', '5.00'),
(271, 'lombre', '325.00', '12.00'),
(272, 'ludicolo', '550.00', '15.00'),
(273, 'seedot', '40.00', '5.00'),
(274, 'nuzleaf', '280.00', '10.00'),
(275, 'shiftry', '596.00', '13.00'),
(276, 'taillow', '23.00', '3.00'),
(277, 'swellow', '198.00', '7.00'),
(278, 'wingull', '95.00', '6.00'),
(279, 'pelipper', '280.00', '12.00'),
(280, 'ralts', '66.00', '4.00'),
(281, 'kirlia', '202.00', '8.00'),
(282, 'gardevoir', '484.00', '16.00'),
(283, 'surskit', '17.00', '5.00'),
(284, 'masquerain', '36.00', '8.00'),
(285, 'shroomish', '45.00', '4.00'),
(286, 'breloom', '392.00', '12.00'),
(287, 'slakoth', '240.00', '8.00'),
(288, 'vigoroth', '465.00', '14.00'),
(289, 'slaking', '1305.00', '20.00'),
(290, 'nincada', '55.00', '5.00'),
(291, 'ninjask', '120.00', '8.00'),
(292, 'shedinja', '12.00', '8.00'),
(293, 'whismur', '163.00', '6.00'),
(294, 'loudred', '405.00', '10.00'),
(295, 'exploud', '840.00', '15.00'),
(296, 'makuhita', '864.00', '10.00'),
(297, 'hariyama', '2538.00', '23.00'),
(298, 'azurill', '20.00', '2.00'),
(299, 'nosepass', '970.00', '10.00'),
(300, 'skitty', '110.00', '6.00'),
(301, 'delcatty', '326.00', '11.00'),
(302, 'sableye', '110.00', '5.00'),
(303, 'mawile', '115.00', '6.00'),
(304, 'aron', '600.00', '4.00'),
(305, 'lairon', '1200.00', '9.00'),
(306, 'aggron', '3600.00', '21.00'),
(307, 'meditite', '112.00', '6.00'),
(308, 'medicham', '315.00', '13.00'),
(309, 'electrike', '152.00', '6.00'),
(310, 'manectric', '402.00', '15.00'),
(311, 'plusle', '42.00', '4.00'),
(312, 'minun', '42.00', '4.00'),
(313, 'volbeat', '177.00', '7.00'),
(314, 'illumise', '177.00', '6.00'),
(315, 'roselia', '20.00', '3.00'),
(316, 'gulpin', '103.00', '4.00'),
(317, 'swalot', '800.00', '17.00'),
(318, 'carvanha', '208.00', '8.00'),
(319, 'sharpedo', '888.00', '18.00'),
(320, 'wailmer', '1300.00', '20.00'),
(321, 'wailord', '3980.00', '145.00'),
(322, 'numel', '240.00', '7.00'),
(323, 'camerupt', '2200.00', '19.00'),
(324, 'torkoal', '804.00', '5.00'),
(325, 'spoink', '306.00', '7.00'),
(326, 'grumpig', '715.00', '9.00'),
(327, 'spinda', '50.00', '11.00'),
(328, 'trapinch', '150.00', '7.00'),
(329, 'vibrava', '153.00', '11.00'),
(330, 'flygon', '820.00', '20.00'),
(331, 'cacnea', '513.00', '4.00'),
(332, 'cacturne', '774.00', '13.00'),
(333, 'swablu', '12.00', '4.00'),
(334, 'altaria', '206.00', '11.00'),
(335, 'zangoose', '403.00', '13.00'),
(336, 'seviper', '525.00', '27.00'),
(337, 'lunatone', '1680.00', '10.00'),
(338, 'solrock', '1540.00', '12.00'),
(339, 'barboach', '19.00', '4.00'),
(340, 'whiscash', '236.00', '9.00'),
(341, 'corphish', '115.00', '6.00'),
(342, 'crawdaunt', '328.00', '11.00'),
(343, 'baltoy', '215.00', '5.00'),
(344, 'claydol', '1080.00', '15.00'),
(345, 'lileep', '238.00', '10.00'),
(346, 'cradily', '604.00', '15.00'),
(347, 'anorith', '125.00', '7.00'),
(348, 'armaldo', '682.00', '15.00'),
(349, 'feebas', '74.00', '6.00'),
(350, 'milotic', '1620.00', '62.00'),
(351, 'castform', '8.00', '3.00'),
(352, 'kecleon', '220.00', '10.00'),
(353, 'shuppet', '23.00', '6.00'),
(354, 'banette', '125.00', '11.00'),
(355, 'duskull', '150.00', '8.00'),
(356, 'dusclops', '306.00', '16.00'),
(357, 'tropius', '1000.00', '20.00'),
(358, 'chimecho', '10.00', '6.00'),
(359, 'absol', '470.00', '12.00'),
(360, 'wynaut', '140.00', '6.00'),
(361, 'snorunt', '168.00', '7.00'),
(362, 'glalie', '2565.00', '15.00'),
(363, 'spheal', '395.00', '8.00'),
(364, 'sealeo', '876.00', '11.00'),
(365, 'walrein', '1506.00', '14.00'),
(366, 'clamperl', '525.00', '4.00'),
(367, 'huntail', '270.00', '17.00'),
(368, 'gorebyss', '226.00', '18.00'),
(369, 'relicanth', '234.00', '10.00'),
(370, 'luvdisc', '87.00', '6.00'),
(371, 'bagon', '421.00', '6.00'),
(372, 'shelgon', '1105.00', '11.00'),
(373, 'salamence', '1026.00', '15.00'),
(374, 'beldum', '952.00', '6.00'),
(375, 'metang', '2025.00', '12.00'),
(376, 'metagross', '5500.00', '16.00'),
(377, 'regirock', '2300.00', '17.00'),
(378, 'regice', '1750.00', '18.00'),
(379, 'registeel', '2050.00', '19.00'),
(380, 'latias', '400.00', '14.00'),
(381, 'latios', '600.00', '20.00'),
(382, 'kyogre', '3520.00', '45.00'),
(383, 'groudon', '9500.00', '35.00'),
(384, 'rayquaza', '2065.00', '70.00'),
(385, 'jirachi', '11.00', '3.00'),
(386, 'deoxys-normal', '608.00', '17.00'),
(387, 'turtwig', '102.00', '4.00'),
(388, 'grotle', '970.00', '11.00'),
(389, 'torterra', '3100.00', '22.00'),
(390, 'chimchar', '62.00', '5.00'),
(391, 'monferno', '220.00', '9.00'),
(392, 'infernape', '550.00', '12.00'),
(393, 'piplup', '52.00', '4.00'),
(394, 'prinplup', '230.00', '8.00'),
(395, 'empoleon', '845.00', '17.00'),
(396, 'starly', '20.00', '3.00'),
(397, 'staravia', '155.00', '6.00'),
(398, 'staraptor', '249.00', '12.00'),
(399, 'bidoof', '200.00', '5.00'),
(400, 'bibarel', '315.00', '10.00'),
(401, 'kricketot', '22.00', '3.00'),
(402, 'kricketune', '255.00', '10.00'),
(403, 'shinx', '95.00', '5.00'),
(404, 'luxio', '305.00', '9.00'),
(405, 'luxray', '420.00', '14.00'),
(406, 'budew', '12.00', '2.00'),
(407, 'roserade', '145.00', '9.00'),
(408, 'cranidos', '315.00', '9.00'),
(409, 'rampardos', '1025.00', '16.00'),
(410, 'shieldon', '570.00', '5.00'),
(411, 'bastiodon', '1495.00', '13.00'),
(412, 'burmy', '34.00', '2.00'),
(413, 'wormadam-plant', '65.00', '5.00'),
(414, 'mothim', '233.00', '9.00'),
(415, 'combee', '55.00', '3.00'),
(416, 'vespiquen', '385.00', '12.00'),
(417, 'pachirisu', '39.00', '4.00'),
(418, 'buizel', '295.00', '7.00'),
(419, 'floatzel', '335.00', '11.00'),
(420, 'cherubi', '33.00', '4.00'),
(421, 'cherrim', '93.00', '5.00'),
(422, 'shellos', '63.00', '3.00'),
(423, 'gastrodon', '299.00', '9.00'),
(424, 'ambipom', '203.00', '12.00'),
(425, 'drifloon', '12.00', '4.00'),
(426, 'drifblim', '150.00', '12.00'),
(427, 'buneary', '55.00', '4.00'),
(428, 'lopunny', '333.00', '12.00'),
(429, 'mismagius', '44.00', '9.00'),
(430, 'honchkrow', '273.00', '9.00'),
(431, 'glameow', '39.00', '5.00'),
(432, 'purugly', '438.00', '10.00'),
(433, 'chingling', '6.00', '2.00'),
(434, 'stunky', '192.00', '4.00'),
(435, 'skuntank', '380.00', '10.00'),
(436, 'bronzor', '605.00', '5.00'),
(437, 'bronzong', '1870.00', '13.00'),
(438, 'bonsly', '150.00', '5.00'),
(439, 'mime-jr', '130.00', '6.00'),
(440, 'happiny', '244.00', '6.00'),
(441, 'chatot', '19.00', '5.00'),
(442, 'spiritomb', '1080.00', '10.00'),
(443, 'gible', '205.00', '7.00'),
(444, 'gabite', '560.00', '14.00'),
(445, 'garchomp', '950.00', '19.00'),
(446, 'munchlax', '1050.00', '6.00'),
(447, 'riolu', '202.00', '7.00'),
(448, 'lucario', '540.00', '12.00'),
(449, 'hippopotas', '495.00', '8.00'),
(450, 'hippowdon', '3000.00', '20.00'),
(451, 'skorupi', '120.00', '8.00'),
(452, 'drapion', '615.00', '13.00'),
(453, 'croagunk', '230.00', '7.00'),
(454, 'toxicroak', '444.00', '13.00'),
(455, 'carnivine', '270.00', '14.00'),
(456, 'finneon', '70.00', '4.00'),
(457, 'lumineon', '240.00', '12.00'),
(458, 'mantyke', '650.00', '10.00'),
(459, 'snover', '505.00', '10.00'),
(460, 'abomasnow', '1355.00', '22.00'),
(461, 'weavile', '340.00', '11.00'),
(462, 'magnezone', '1800.00', '12.00'),
(463, 'lickilicky', '1400.00', '17.00'),
(464, 'rhyperior', '2828.00', '24.00'),
(465, 'tangrowth', '1286.00', '20.00'),
(466, 'electivire', '1386.00', '18.00'),
(467, 'magmortar', '680.00', '16.00'),
(468, 'togekiss', '380.00', '15.00'),
(469, 'yanmega', '515.00', '19.00'),
(470, 'leafeon', '255.00', '10.00'),
(471, 'glaceon', '259.00', '8.00'),
(472, 'gliscor', '425.00', '20.00'),
(473, 'mamoswine', '2910.00', '25.00'),
(474, 'porygon-z', '340.00', '9.00'),
(475, 'gallade', '520.00', '16.00'),
(476, 'probopass', '3400.00', '14.00'),
(477, 'dusknoir', '1066.00', '22.00'),
(478, 'froslass', '266.00', '13.00'),
(479, 'rotom', '3.00', '3.00'),
(480, 'uxie', '3.00', '3.00'),
(481, 'mesprit', '3.00', '3.00'),
(482, 'azelf', '3.00', '3.00'),
(483, 'dialga', '6830.00', '54.00'),
(484, 'palkia', '3360.00', '42.00'),
(485, 'heatran', '4300.00', '17.00'),
(486, 'regigigas', '4200.00', '37.00'),
(487, 'giratina-altered', '7500.00', '45.00'),
(488, 'cresselia', '856.00', '15.00'),
(489, 'phione', '31.00', '4.00'),
(490, 'manaphy', '14.00', '3.00'),
(491, 'darkrai', '505.00', '15.00'),
(492, 'shaymin-land', '21.00', '2.00'),
(493, 'arceus', '3200.00', '32.00'),
(494, 'victini', '40.00', '4.00'),
(495, 'snivy', '81.00', '6.00'),
(496, 'servine', '160.00', '8.00'),
(497, 'serperior', '630.00', '33.00'),
(498, 'tepig', '99.00', '5.00'),
(499, 'pignite', '555.00', '10.00'),
(500, 'emboar', '1500.00', '16.00'),
(501, 'oshawott', '59.00', '5.00'),
(502, 'dewott', '245.00', '8.00'),
(503, 'samurott', '946.00', '15.00'),
(504, 'patrat', '116.00', '5.00'),
(505, 'watchog', '270.00', '11.00'),
(506, 'lillipup', '41.00', '4.00'),
(507, 'herdier', '147.00', '9.00'),
(508, 'stoutland', '610.00', '12.00'),
(509, 'purrloin', '101.00', '4.00'),
(510, 'liepard', '375.00', '11.00'),
(511, 'pansage', '105.00', '6.00'),
(512, 'simisage', '305.00', '11.00'),
(513, 'pansear', '110.00', '6.00'),
(514, 'simisear', '280.00', '10.00'),
(515, 'panpour', '135.00', '6.00'),
(516, 'simipour', '290.00', '10.00'),
(517, 'munna', '233.00', '6.00'),
(518, 'musharna', '605.00', '11.00'),
(519, 'pidove', '21.00', '3.00'),
(520, 'tranquill', '150.00', '6.00'),
(521, 'unfezant', '290.00', '12.00'),
(522, 'blitzle', '298.00', '8.00'),
(523, 'zebstrika', '795.00', '16.00'),
(524, 'roggenrola', '180.00', '4.00'),
(525, 'boldore', '1020.00', '9.00'),
(526, 'gigalith', '2600.00', '17.00'),
(527, 'woobat', '21.00', '4.00'),
(528, 'swoobat', '105.00', '9.00'),
(529, 'drilbur', '85.00', '3.00'),
(530, 'excadrill', '404.00', '7.00'),
(531, 'audino', '310.00', '11.00'),
(532, 'timburr', '125.00', '6.00'),
(533, 'gurdurr', '400.00', '12.00'),
(534, 'conkeldurr', '870.00', '14.00'),
(535, 'tympole', '45.00', '5.00'),
(536, 'palpitoad', '170.00', '8.00'),
(537, 'seismitoad', '620.00', '15.00'),
(538, 'throh', '555.00', '13.00'),
(539, 'sawk', '510.00', '14.00'),
(540, 'sewaddle', '25.00', '3.00'),
(541, 'swadloon', '73.00', '5.00'),
(542, 'leavanny', '205.00', '12.00'),
(543, 'venipede', '53.00', '4.00'),
(544, 'whirlipede', '585.00', '12.00'),
(545, 'scolipede', '2005.00', '25.00'),
(546, 'cottonee', '6.00', '3.00'),
(547, 'whimsicott', '66.00', '7.00'),
(548, 'petilil', '66.00', '5.00'),
(549, 'lilligant', '163.00', '11.00'),
(550, 'basculin-red-striped', '180.00', '10.00'),
(551, 'sandile', '152.00', '7.00'),
(552, 'krokorok', '334.00', '10.00'),
(553, 'krookodile', '963.00', '15.00'),
(554, 'darumaka', '375.00', '6.00'),
(555, 'darmanitan-standard', '929.00', '13.00'),
(556, 'maractus', '280.00', '10.00'),
(557, 'dwebble', '145.00', '3.00'),
(558, 'crustle', '2000.00', '14.00'),
(559, 'scraggy', '118.00', '6.00'),
(560, 'scrafty', '300.00', '11.00'),
(561, 'sigilyph', '140.00', '14.00'),
(562, 'yamask', '15.00', '5.00'),
(563, 'cofagrigus', '765.00', '17.00'),
(564, 'tirtouga', '165.00', '7.00'),
(565, 'carracosta', '810.00', '12.00'),
(566, 'archen', '95.00', '5.00'),
(567, 'archeops', '320.00', '14.00'),
(568, 'trubbish', '310.00', '6.00'),
(569, 'garbodor', '1073.00', '19.00'),
(570, 'zorua', '125.00', '7.00'),
(571, 'zoroark', '811.00', '16.00'),
(572, 'minccino', '58.00', '4.00'),
(573, 'cinccino', '75.00', '5.00'),
(574, 'gothita', '58.00', '4.00'),
(575, 'gothorita', '180.00', '7.00'),
(576, 'gothitelle', '440.00', '15.00'),
(577, 'solosis', '10.00', '3.00'),
(578, 'duosion', '80.00', '6.00'),
(579, 'reuniclus', '201.00', '10.00'),
(580, 'ducklett', '55.00', '5.00'),
(581, 'swanna', '242.00', '13.00'),
(582, 'vanillite', '57.00', '4.00'),
(583, 'vanillish', '410.00', '11.00'),
(584, 'vanilluxe', '575.00', '13.00'),
(585, 'deerling', '195.00', '6.00'),
(586, 'sawsbuck', '925.00', '19.00'),
(587, 'emolga', '50.00', '4.00'),
(588, 'karrablast', '59.00', '5.00'),
(589, 'escavalier', '330.00', '10.00'),
(590, 'foongus', '10.00', '2.00'),
(591, 'amoonguss', '105.00', '6.00'),
(592, 'frillish', '330.00', '12.00'),
(593, 'jellicent', '1350.00', '22.00'),
(594, 'alomomola', '316.00', '12.00'),
(595, 'joltik', '6.00', '1.00'),
(596, 'galvantula', '143.00', '8.00'),
(597, 'ferroseed', '188.00', '6.00'),
(598, 'ferrothorn', '1100.00', '10.00'),
(599, 'klink', '210.00', '3.00'),
(600, 'klang', '510.00', '6.00'),
(601, 'klinklang', '810.00', '6.00'),
(602, 'tynamo', '3.00', '2.00'),
(603, 'eelektrik', '220.00', '12.00'),
(604, 'eelektross', '805.00', '21.00'),
(605, 'elgyem', '90.00', '5.00'),
(606, 'beheeyem', '345.00', '10.00'),
(607, 'litwick', '31.00', '3.00'),
(608, 'lampent', '130.00', '6.00'),
(609, 'chandelure', '343.00', '10.00'),
(610, 'axew', '180.00', '6.00'),
(611, 'fraxure', '360.00', '10.00'),
(612, 'haxorus', '1055.00', '18.00'),
(613, 'cubchoo', '85.00', '5.00'),
(614, 'beartic', '2600.00', '26.00'),
(615, 'cryogonal', '1480.00', '11.00'),
(616, 'shelmet', '77.00', '4.00'),
(617, 'accelgor', '253.00', '8.00'),
(618, 'stunfisk', '110.00', '7.00'),
(619, 'mienfoo', '200.00', '9.00'),
(620, 'mienshao', '355.00', '14.00'),
(621, 'druddigon', '1390.00', '16.00'),
(622, 'golett', '920.00', '10.00'),
(623, 'golurk', '3300.00', '28.00'),
(624, 'pawniard', '102.00', '5.00'),
(625, 'bisharp', '700.00', '16.00'),
(626, 'bouffalant', '946.00', '16.00'),
(627, 'rufflet', '105.00', '5.00'),
(628, 'braviary', '410.00', '15.00'),
(629, 'vullaby', '90.00', '5.00'),
(630, 'mandibuzz', '395.00', '12.00'),
(631, 'heatmor', '580.00', '14.00'),
(632, 'durant', '330.00', '3.00'),
(633, 'deino', '173.00', '8.00'),
(634, 'zweilous', '500.00', '14.00'),
(635, 'hydreigon', '1600.00', '18.00'),
(636, 'larvesta', '288.00', '11.00'),
(637, 'volcarona', '460.00', '16.00'),
(638, 'cobalion', '2500.00', '21.00'),
(639, 'terrakion', '2600.00', '19.00'),
(640, 'virizion', '2000.00', '20.00'),
(641, 'tornadus-incarnate', '630.00', '15.00'),
(642, 'thundurus-incarnate', '610.00', '15.00'),
(643, 'reshiram', '3300.00', '32.00'),
(644, 'zekrom', '3450.00', '29.00'),
(645, 'landorus-incarnate', '680.00', '15.00'),
(646, 'kyurem', '3250.00', '30.00'),
(647, 'keldeo-ordinary', '485.00', '14.00'),
(648, 'meloetta-aria', '65.00', '6.00'),
(649, 'genesect', '825.00', '15.00'),
(650, 'chespin', '90.00', '4.00'),
(651, 'quilladin', '290.00', '7.00'),
(652, 'chesnaught', '900.00', '16.00'),
(653, 'fennekin', '94.00', '4.00'),
(654, 'braixen', '145.00', '10.00'),
(655, 'delphox', '390.00', '15.00'),
(656, 'froakie', '70.00', '3.00'),
(657, 'frogadier', '109.00', '6.00'),
(658, 'greninja', '400.00', '15.00'),
(659, 'bunnelby', '50.00', '4.00'),
(660, 'diggersby', '424.00', '10.00'),
(661, 'fletchling', '17.00', '3.00'),
(662, 'fletchinder', '160.00', '7.00'),
(663, 'talonflame', '245.00', '12.00'),
(664, 'scatterbug', '25.00', '3.00'),
(665, 'spewpa', '84.00', '3.00'),
(666, 'vivillon', '170.00', '12.00'),
(667, 'litleo', '135.00', '6.00'),
(668, 'pyroar', '815.00', '15.00'),
(669, 'flabebe', '1.00', '1.00'),
(670, 'floette', '9.00', '2.00'),
(671, 'florges', '100.00', '11.00'),
(672, 'skiddo', '310.00', '9.00'),
(673, 'gogoat', '910.00', '17.00'),
(674, 'pancham', '80.00', '6.00'),
(675, 'pangoro', '1360.00', '21.00'),
(676, 'furfrou', '280.00', '12.00'),
(677, 'espurr', '35.00', '3.00'),
(678, 'meowstic-male', '85.00', '6.00'),
(679, 'honedge', '20.00', '8.00'),
(680, 'doublade', '45.00', '8.00'),
(681, 'aegislash-shield', '530.00', '17.00'),
(682, 'spritzee', '5.00', '2.00'),
(683, 'aromatisse', '155.00', '8.00'),
(684, 'swirlix', '35.00', '4.00'),
(685, 'slurpuff', '50.00', '8.00'),
(686, 'inkay', '35.00', '4.00'),
(687, 'malamar', '470.00', '15.00'),
(688, 'binacle', '310.00', '5.00'),
(689, 'barbaracle', '960.00', '13.00'),
(690, 'skrelp', '73.00', '5.00'),
(691, 'dragalge', '815.00', '18.00'),
(692, 'clauncher', '83.00', '5.00'),
(693, 'clawitzer', '353.00', '13.00'),
(694, 'helioptile', '60.00', '5.00'),
(695, 'heliolisk', '210.00', '10.00'),
(696, 'tyrunt', '260.00', '8.00'),
(697, 'tyrantrum', '2700.00', '25.00'),
(698, 'amaura', '252.00', '13.00'),
(699, 'aurorus', '2250.00', '27.00'),
(700, 'sylveon', '235.00', '10.00'),
(701, 'hawlucha', '215.00', '8.00'),
(702, 'dedenne', '22.00', '2.00'),
(703, 'carbink', '57.00', '3.00'),
(704, 'goomy', '28.00', '3.00'),
(705, 'sliggoo', '175.00', '8.00'),
(706, 'goodra', '1505.00', '20.00'),
(707, 'klefki', '30.00', '2.00'),
(708, 'phantump', '70.00', '4.00'),
(709, 'trevenant', '710.00', '15.00'),
(710, 'pumpkaboo-average', '50.00', '4.00'),
(711, 'gourgeist-average', '125.00', '9.00'),
(712, 'bergmite', '995.00', '10.00'),
(713, 'avalugg', '5050.00', '20.00'),
(714, 'noibat', '80.00', '5.00'),
(715, 'noivern', '850.00', '15.00'),
(716, 'xerneas', '2150.00', '30.00'),
(717, 'yveltal', '2030.00', '58.00'),
(718, 'zygarde', '3050.00', '50.00'),
(719, 'diancie', '88.00', '7.00'),
(720, 'hoopa', '90.00', '5.00'),
(721, 'volcanion', '1950.00', '17.00'),
(722, 'rowlet', '15.00', '3.00'),
(723, 'dartrix', '160.00', '7.00'),
(724, 'decidueye', '366.00', '16.00'),
(725, 'litten', '43.00', '4.00'),
(726, 'torracat', '250.00', '7.00'),
(727, 'incineroar', '830.00', '18.00'),
(728, 'popplio', '75.00', '4.00'),
(729, 'brionne', '175.00', '6.00'),
(730, 'primarina', '440.00', '18.00'),
(731, 'pikipek', '12.00', '3.00'),
(732, 'trumbeak', '148.00', '6.00'),
(733, 'toucannon', '260.00', '11.00'),
(734, 'yungoos', '60.00', '4.00'),
(735, 'gumshoos', '142.00', '7.00'),
(736, 'grubbin', '44.00', '4.00'),
(737, 'charjabug', '105.00', '5.00'),
(738, 'vikavolt', '450.00', '15.00'),
(739, 'crabrawler', '70.00', '6.00'),
(740, 'crabominable', '1800.00', '17.00'),
(741, 'oricorio-baile', '34.00', '6.00'),
(742, 'cutiefly', '2.00', '1.00'),
(743, 'ribombee', '5.00', '2.00'),
(744, 'rockruff', '92.00', '5.00'),
(745, 'lycanroc-midday', '250.00', '8.00'),
(746, 'wishiwashi-solo', '3.00', '2.00'),
(747, 'mareanie', '80.00', '4.00'),
(748, 'toxapex', '145.00', '7.00'),
(749, 'mudbray', '1100.00', '10.00'),
(750, 'mudsdale', '9200.00', '25.00'),
(751, 'dewpider', '40.00', '3.00'),
(752, 'araquanid', '820.00', '18.00'),
(753, 'fomantis', '15.00', '3.00'),
(754, 'lurantis', '185.00', '9.00'),
(755, 'morelull', '15.00', '2.00'),
(756, 'shiinotic', '115.00', '10.00'),
(757, 'salandit', '48.00', '6.00'),
(758, 'salazzle', '222.00', '12.00'),
(759, 'stufful', '68.00', '5.00'),
(760, 'bewear', '1350.00', '21.00'),
(761, 'bounsweet', '32.00', '3.00'),
(762, 'steenee', '82.00', '7.00'),
(763, 'tsareena', '214.00', '12.00'),
(764, 'comfey', '3.00', '1.00'),
(765, 'oranguru', '760.00', '15.00'),
(766, 'passimian', '828.00', '20.00'),
(767, 'wimpod', '120.00', '5.00'),
(768, 'golisopod', '1080.00', '20.00'),
(769, 'sandygast', '700.00', '5.00'),
(770, 'palossand', '2500.00', '13.00'),
(771, 'pyukumuku', '12.00', '3.00'),
(772, 'type-null', '1205.00', '19.00'),
(773, 'silvally', '1005.00', '23.00'),
(774, 'minior-red-meteor', '400.00', '3.00'),
(775, 'komala', '199.00', '4.00'),
(776, 'turtonator', '2120.00', '20.00'),
(777, 'togedemaru', '33.00', '3.00'),
(778, 'mimikyu-disguised', '7.00', '2.00'),
(779, 'bruxish', '190.00', '9.00'),
(780, 'drampa', '1850.00', '30.00'),
(781, 'dhelmise', '2100.00', '39.00'),
(782, 'jangmo-o', '297.00', '6.00'),
(783, 'hakamo-o', '470.00', '12.00'),
(784, 'kommo-o', '782.00', '16.00'),
(785, 'tapu-koko', '205.00', '18.00'),
(786, 'tapu-lele', '186.00', '12.00'),
(787, 'tapu-bulu', '455.00', '19.00'),
(788, 'tapu-fini', '212.00', '13.00'),
(789, 'cosmog', '1.00', '2.00'),
(790, 'cosmoem', '9999.00', '1.00'),
(791, 'solgaleo', '2300.00', '34.00'),
(792, 'lunala', '1200.00', '40.00'),
(793, 'nihilego', '555.00', '12.00'),
(794, 'buzzwole', '3336.00', '24.00'),
(795, 'pheromosa', '250.00', '18.00'),
(796, 'xurkitree', '1000.00', '38.00'),
(797, 'celesteela', '9999.00', '92.00'),
(798, 'kartana', '1.00', '3.00'),
(799, 'guzzlord', '8880.00', '55.00'),
(800, 'necrozma', '2300.00', '24.00'),
(801, 'magearna', '805.00', '10.00'),
(802, 'marshadow', '222.00', '7.00'),
(803, 'poipole', '18.00', '6.00'),
(804, 'naganadel', '1500.00', '36.00'),
(805, 'stakataka', '8200.00', '55.00'),
(806, 'blacephalon', '130.00', '18.00'),
(807, 'zeraora', '445.00', '15.00'),
(10001, 'deoxys-attack', '608.00', '17.00'),
(10002, 'deoxys-defense', '608.00', '17.00'),
(10003, 'deoxys-speed', '608.00', '17.00'),
(10004, 'wormadam-sandy', '65.00', '5.00'),
(10005, 'wormadam-trash', '65.00', '5.00'),
(10006, 'shaymin-sky', '52.00', '4.00'),
(10007, 'giratina-origin', '6500.00', '69.00'),
(10008, 'rotom-heat', '3.00', '3.00'),
(10009, 'rotom-wash', '3.00', '3.00'),
(10010, 'rotom-frost', '3.00', '3.00'),
(10011, 'rotom-fan', '3.00', '3.00'),
(10012, 'rotom-mow', '3.00', '3.00'),
(10013, 'castform-sunny', '8.00', '3.00'),
(10014, 'castform-rainy', '8.00', '3.00'),
(10015, 'castform-snowy', '8.00', '3.00'),
(10016, 'basculin-blue-striped', '180.00', '10.00'),
(10017, 'darmanitan-zen', '929.00', '13.00'),
(10018, 'meloetta-pirouette', '65.00', '6.00'),
(10019, 'tornadus-therian', '630.00', '14.00'),
(10020, 'thundurus-therian', '610.00', '30.00'),
(10021, 'landorus-therian', '680.00', '13.00'),
(10022, 'kyurem-black', '3250.00', '33.00'),
(10023, 'kyurem-white', '3250.00', '36.00'),
(10024, 'keldeo-resolute', '485.00', '14.00'),
(10025, 'meowstic-female', '85.00', '6.00'),
(10026, 'aegislash-blade', '530.00', '17.00'),
(10027, 'pumpkaboo-small', '35.00', '3.00'),
(10028, 'pumpkaboo-large', '75.00', '5.00'),
(10029, 'pumpkaboo-super', '150.00', '8.00'),
(10030, 'gourgeist-small', '95.00', '7.00'),
(10031, 'gourgeist-large', '140.00', '11.00'),
(10032, 'gourgeist-super', '390.00', '17.00'),
(10033, 'venusaur-mega', '1555.00', '24.00'),
(10034, 'charizard-mega-x', '1105.00', '17.00'),
(10035, 'charizard-mega-y', '1005.00', '17.00'),
(10036, 'blastoise-mega', '1011.00', '16.00'),
(10037, 'alakazam-mega', '480.00', '12.00'),
(10038, 'gengar-mega', '405.00', '14.00'),
(10039, 'kangaskhan-mega', '1000.00', '22.00'),
(10040, 'pinsir-mega', '590.00', '17.00'),
(10041, 'gyarados-mega', '3050.00', '65.00'),
(10042, 'aerodactyl-mega', '790.00', '21.00'),
(10043, 'mewtwo-mega-x', '1270.00', '23.00'),
(10044, 'mewtwo-mega-y', '330.00', '15.00'),
(10045, 'ampharos-mega', '615.00', '14.00'),
(10046, 'scizor-mega', '1250.00', '20.00'),
(10047, 'heracross-mega', '625.00', '17.00'),
(10048, 'houndoom-mega', '495.00', '19.00'),
(10049, 'tyranitar-mega', '2550.00', '25.00'),
(10050, 'blaziken-mega', '520.00', '19.00'),
(10051, 'gardevoir-mega', '484.00', '16.00'),
(10052, 'mawile-mega', '235.00', '10.00'),
(10053, 'aggron-mega', '3950.00', '22.00'),
(10054, 'medicham-mega', '315.00', '13.00'),
(10055, 'manectric-mega', '440.00', '18.00'),
(10056, 'banette-mega', '130.00', '12.00'),
(10057, 'absol-mega', '490.00', '12.00'),
(10058, 'garchomp-mega', '950.00', '19.00'),
(10059, 'lucario-mega', '575.00', '13.00'),
(10060, 'abomasnow-mega', '1850.00', '27.00'),
(10061, 'floette-eternal', '9.00', '2.00'),
(10062, 'latias-mega', '520.00', '18.00'),
(10063, 'latios-mega', '700.00', '23.00'),
(10064, 'swampert-mega', '1020.00', '19.00'),
(10065, 'sceptile-mega', '552.00', '19.00'),
(10066, 'sableye-mega', '1610.00', '5.00'),
(10067, 'altaria-mega', '206.00', '15.00'),
(10068, 'gallade-mega', '564.00', '16.00'),
(10069, 'audino-mega', '320.00', '15.00'),
(10070, 'sharpedo-mega', '1303.00', '25.00'),
(10071, 'slowbro-mega', '1200.00', '20.00'),
(10072, 'steelix-mega', '7400.00', '105.00'),
(10073, 'pidgeot-mega', '505.00', '22.00'),
(10074, 'glalie-mega', '3502.00', '21.00'),
(10075, 'diancie-mega', '278.00', '11.00'),
(10076, 'metagross-mega', '9429.00', '25.00'),
(10077, 'kyogre-primal', '4300.00', '98.00'),
(10078, 'groudon-primal', '9997.00', '50.00'),
(10079, 'rayquaza-mega', '3920.00', '108.00'),
(10080, 'pikachu-rock-star', '60.00', '4.00'),
(10081, 'pikachu-belle', '60.00', '4.00'),
(10082, 'pikachu-pop-star', '60.00', '4.00'),
(10083, 'pikachu-phd', '60.00', '4.00'),
(10084, 'pikachu-libre', '60.00', '4.00'),
(10085, 'pikachu-cosplay', '60.00', '4.00'),
(10086, 'hoopa-unbound', '4900.00', '65.00'),
(10087, 'camerupt-mega', '3205.00', '25.00'),
(10088, 'lopunny-mega', '283.00', '13.00'),
(10089, 'salamence-mega', '1126.00', '18.00'),
(10090, 'beedrill-mega', '405.00', '14.00'),
(10091, 'rattata-alola', '38.00', '3.00'),
(10092, 'raticate-alola', '255.00', '7.00'),
(10093, 'raticate-totem-alola', '1050.00', '14.00'),
(10094, 'pikachu-original-cap', '60.00', '4.00'),
(10095, 'pikachu-hoenn-cap', '60.00', '4.00'),
(10096, 'pikachu-sinnoh-cap', '60.00', '4.00'),
(10097, 'pikachu-unova-cap', '60.00', '4.00'),
(10098, 'pikachu-kalos-cap', '60.00', '4.00'),
(10099, 'pikachu-alola-cap', '60.00', '4.00'),
(10100, 'raichu-alola', '210.00', '7.00'),
(10101, 'sandshrew-alola', '400.00', '7.00'),
(10102, 'sandslash-alola', '550.00', '12.00'),
(10103, 'vulpix-alola', '99.00', '6.00'),
(10104, 'ninetales-alola', '199.00', '11.00'),
(10105, 'diglett-alola', '10.00', '2.00'),
(10106, 'dugtrio-alola', '666.00', '7.00'),
(10107, 'meowth-alola', '42.00', '4.00'),
(10108, 'persian-alola', '330.00', '11.00'),
(10109, 'geodude-alola', '203.00', '4.00'),
(10110, 'graveler-alola', '1100.00', '10.00'),
(10111, 'golem-alola', '3160.00', '17.00'),
(10112, 'grimer-alola', '420.00', '7.00'),
(10113, 'muk-alola', '520.00', '10.00'),
(10114, 'exeggutor-alola', '4156.00', '109.00'),
(10115, 'marowak-alola', '340.00', '10.00'),
(10116, 'greninja-battle-bond', '400.00', '15.00'),
(10117, 'greninja-ash', '400.00', '15.00'),
(10118, 'zygarde-10', '335.00', '12.00'),
(10119, 'zygarde-50', '3050.00', '50.00'),
(10120, 'zygarde-complete', '6100.00', '45.00'),
(10121, 'gumshoos-totem', '600.00', '14.00'),
(10122, 'vikavolt-totem', '1475.00', '26.00'),
(10123, 'oricorio-pom-pom', '34.00', '6.00'),
(10124, 'oricorio-pau', '34.00', '6.00'),
(10125, 'oricorio-sensu', '34.00', '6.00'),
(10126, 'lycanroc-midnight', '250.00', '11.00'),
(10127, 'wishiwashi-school', '786.00', '82.00'),
(10128, 'lurantis-totem', '580.00', '15.00'),
(10129, 'salazzle-totem', '810.00', '21.00'),
(10130, 'minior-orange-meteor', '400.00', '3.00'),
(10131, 'minior-yellow-meteor', '400.00', '3.00'),
(10132, 'minior-green-meteor', '400.00', '3.00'),
(10133, 'minior-blue-meteor', '400.00', '3.00'),
(10134, 'minior-indigo-meteor', '400.00', '3.00'),
(10135, 'minior-violet-meteor', '400.00', '3.00'),
(10136, 'minior-red', '3.00', '3.00'),
(10137, 'minior-orange', '3.00', '3.00'),
(10138, 'minior-yellow', '3.00', '3.00'),
(10139, 'minior-green', '3.00', '3.00'),
(10140, 'minior-blue', '3.00', '3.00'),
(10141, 'minior-indigo', '3.00', '3.00'),
(10142, 'minior-violet', '3.00', '3.00'),
(10143, 'mimikyu-busted', '7.00', '2.00'),
(10144, 'mimikyu-totem-disguised', '28.00', '4.00'),
(10145, 'mimikyu-totem-busted', '28.00', '4.00'),
(10146, 'kommo-o-totem', '2075.00', '24.00'),
(10147, 'magearna-original', '805.00', '10.00'),
(10148, 'pikachu-partner-cap', '60.00', '4.00'),
(10149, 'marowak-totem', '980.00', '17.00'),
(10150, 'ribombee-totem', '20.00', '4.00'),
(10151, 'rockruff-own-tempo', '92.00', '5.00'),
(10152, 'lycanroc-dusk', '250.00', '8.00'),
(10153, 'araquanid-totem', '2175.00', '31.00'),
(10154, 'togedemaru-totem', '130.00', '6.00'),
(10155, 'necrozma-dusk', '4600.00', '38.00'),
(10156, 'necrozma-dawn', '3500.00', '42.00'),
(10157, 'necrozma-ultra', '2300.00', '75.00');

CREATE TABLE Possède (
  Id_Pokémon integer NOT NULL DEFAULT '0',
  Id_Type integer NOT NULL DEFAULT '0'
);

INSERT INTO Possède (Id_Pokémon, Id_Type) VALUES
(16, 1),
(17, 1),
(18, 1),
(19, 1),
(20, 1),
(21, 1),
(22, 1),
(39, 1),
(40, 1),
(52, 1),
(53, 1),
(83, 1),
(84, 1),
(85, 1),
(108, 1),
(113, 1),
(115, 1),
(128, 1),
(132, 1),
(133, 1),
(137, 1),
(143, 1),
(161, 1),
(162, 1),
(163, 1),
(164, 1),
(174, 1),
(190, 1),
(203, 1),
(206, 1),
(216, 1),
(217, 1),
(233, 1),
(234, 1),
(235, 1),
(241, 1),
(242, 1),
(263, 1),
(264, 1),
(276, 1),
(277, 1),
(287, 1),
(288, 1),
(289, 1),
(293, 1),
(294, 1),
(295, 1),
(298, 1),
(300, 1),
(301, 1),
(327, 1),
(333, 1),
(335, 1),
(351, 1),
(352, 1),
(396, 1),
(397, 1),
(398, 1),
(399, 1),
(400, 1),
(424, 1),
(427, 1),
(428, 1),
(431, 1),
(432, 1),
(440, 1),
(441, 1),
(446, 1),
(463, 1),
(474, 1),
(486, 1),
(493, 1),
(504, 1),
(505, 1),
(506, 1),
(507, 1),
(508, 1),
(519, 1),
(520, 1),
(521, 1),
(531, 1),
(572, 1),
(573, 1),
(585, 1),
(586, 1),
(626, 1),
(627, 1),
(628, 1),
(648, 1),
(659, 1),
(660, 1),
(661, 1),
(667, 1),
(668, 1),
(676, 1),
(694, 1),
(695, 1),
(731, 1),
(732, 1),
(733, 1),
(734, 1),
(735, 1),
(759, 1),
(760, 1),
(765, 1),
(772, 1),
(773, 1),
(775, 1),
(780, 1),
(10018, 1),
(10039, 1),
(10069, 1),
(10073, 1),
(10088, 1),
(10091, 1),
(10092, 1),
(10093, 1),
(10121, 1),
(56, 2),
(57, 2),
(62, 2),
(66, 2),
(67, 2),
(68, 2),
(106, 2),
(107, 2),
(214, 2),
(236, 2),
(237, 2),
(256, 2),
(257, 2),
(286, 2),
(296, 2),
(297, 2),
(307, 2),
(308, 2),
(391, 2),
(392, 2),
(447, 2),
(448, 2),
(453, 2),
(454, 2),
(475, 2),
(499, 2),
(500, 2),
(532, 2),
(533, 2),
(534, 2),
(538, 2),
(539, 2),
(559, 2),
(560, 2),
(619, 2),
(620, 2),
(638, 2),
(639, 2),
(640, 2),
(647, 2),
(652, 2),
(674, 2),
(675, 2),
(701, 2),
(739, 2),
(740, 2),
(759, 2),
(760, 2),
(766, 2),
(783, 2),
(784, 2),
(794, 2),
(795, 2),
(802, 2),
(10018, 2),
(10024, 2),
(10043, 2),
(10047, 2),
(10050, 2),
(10054, 2),
(10059, 2),
(10068, 2),
(10088, 2),
(10146, 2),
(6, 3),
(12, 3),
(16, 3),
(17, 3),
(18, 3),
(21, 3),
(22, 3),
(41, 3),
(42, 3),
(83, 3),
(84, 3),
(85, 3),
(123, 3),
(130, 3),
(142, 3),
(144, 3),
(145, 3),
(146, 3),
(149, 3),
(163, 3),
(164, 3),
(165, 3),
(166, 3),
(169, 3),
(176, 3),
(177, 3),
(178, 3),
(187, 3),
(188, 3),
(189, 3),
(193, 3),
(198, 3),
(207, 3),
(225, 3),
(226, 3),
(227, 3),
(249, 3),
(250, 3),
(267, 3),
(276, 3),
(277, 3),
(278, 3),
(279, 3),
(284, 3),
(291, 3),
(333, 3),
(334, 3),
(357, 3),
(373, 3),
(384, 3),
(396, 3),
(397, 3),
(398, 3),
(414, 3),
(415, 3),
(416, 3),
(425, 3),
(426, 3),
(430, 3),
(441, 3),
(458, 3),
(468, 3),
(469, 3),
(472, 3),
(519, 3),
(520, 3),
(521, 3),
(527, 3),
(528, 3),
(561, 3),
(566, 3),
(567, 3),
(580, 3),
(581, 3),
(587, 3),
(627, 3),
(628, 3),
(629, 3),
(630, 3),
(641, 3),
(642, 3),
(645, 3),
(661, 3),
(662, 3),
(663, 3),
(666, 3),
(701, 3),
(714, 3),
(715, 3),
(717, 3),
(722, 3),
(723, 3),
(731, 3),
(732, 3),
(733, 3),
(741, 3),
(774, 3),
(797, 3),
(10006, 3),
(10011, 3),
(10019, 3),
(10020, 3),
(10021, 3),
(10035, 3),
(10040, 3),
(10042, 3),
(10073, 3),
(10079, 3),
(10089, 3),
(10123, 3),
(10124, 3),
(10125, 3),
(10130, 3),
(10131, 3),
(10132, 3),
(10133, 3),
(10134, 3),
(10135, 3),
(10136, 3),
(10137, 3),
(10138, 3),
(10139, 3),
(10140, 3),
(10141, 3),
(10142, 3),
(1, 4),
(2, 4),
(3, 4),
(13, 4),
(14, 4),
(15, 4),
(23, 4),
(24, 4),
(29, 4),
(30, 4),
(31, 4),
(32, 4),
(33, 4),
(34, 4),
(41, 4),
(42, 4),
(43, 4),
(44, 4),
(45, 4),
(48, 4),
(49, 4),
(69, 4),
(70, 4),
(71, 4),
(72, 4),
(73, 4),
(88, 4),
(89, 4),
(92, 4),
(93, 4),
(94, 4),
(109, 4),
(110, 4),
(167, 4),
(168, 4),
(169, 4),
(211, 4),
(269, 4),
(315, 4),
(316, 4),
(317, 4),
(336, 4),
(406, 4),
(407, 4),
(434, 4),
(435, 4),
(451, 4),
(452, 4),
(453, 4),
(454, 4),
(543, 4),
(544, 4),
(545, 4),
(568, 4),
(569, 4),
(590, 4),
(591, 4),
(690, 4),
(691, 4),
(747, 4),
(748, 4),
(757, 4),
(758, 4),
(793, 4),
(803, 4),
(804, 4),
(10033, 4),
(10038, 4),
(10090, 4),
(10112, 4),
(10113, 4),
(10129, 4),
(27, 5),
(28, 5),
(31, 5),
(34, 5),
(50, 5),
(51, 5),
(74, 5),
(75, 5),
(76, 5),
(95, 5),
(104, 5),
(105, 5),
(111, 5),
(112, 5),
(194, 5),
(195, 5),
(207, 5),
(208, 5),
(220, 5),
(221, 5),
(231, 5),
(232, 5),
(246, 5),
(247, 5),
(259, 5),
(260, 5),
(290, 5),
(322, 5),
(323, 5),
(328, 5),
(329, 5),
(330, 5),
(339, 5),
(340, 5),
(343, 5),
(344, 5),
(383, 5),
(389, 5),
(423, 5),
(443, 5),
(444, 5),
(445, 5),
(449, 5),
(450, 5),
(464, 5),
(472, 5),
(473, 5),
(529, 5),
(530, 5),
(536, 5),
(537, 5),
(551, 5),
(552, 5),
(553, 5),
(618, 5),
(622, 5),
(623, 5),
(645, 5),
(660, 5),
(718, 5),
(749, 5),
(750, 5),
(769, 5),
(770, 5),
(10004, 5),
(10021, 5),
(10058, 5),
(10064, 5),
(10072, 5),
(10078, 5),
(10087, 5),
(10105, 5),
(10106, 5),
(10118, 5),
(10119, 5),
(10120, 5),
(74, 6),
(75, 6),
(76, 6),
(95, 6),
(111, 6),
(112, 6),
(138, 6),
(139, 6),
(140, 6),
(141, 6),
(142, 6),
(185, 6),
(213, 6),
(219, 6),
(222, 6),
(246, 6),
(247, 6),
(248, 6),
(299, 6),
(304, 6),
(305, 6),
(306, 6),
(337, 6),
(338, 6),
(345, 6),
(346, 6),
(347, 6),
(348, 6),
(369, 6),
(377, 6),
(408, 6),
(409, 6),
(410, 6),
(411, 6),
(438, 6),
(464, 6),
(476, 6),
(524, 6),
(525, 6),
(526, 6),
(557, 6),
(558, 6),
(564, 6),
(565, 6),
(566, 6),
(567, 6),
(639, 6),
(688, 6),
(689, 6),
(696, 6),
(697, 6),
(698, 6),
(699, 6),
(703, 6),
(719, 6),
(744, 6),
(745, 6),
(774, 6),
(793, 6),
(805, 6),
(10042, 6),
(10049, 6),
(10075, 6),
(10109, 6),
(10110, 6),
(10111, 6),
(10126, 6),
(10130, 6),
(10131, 6),
(10132, 6),
(10133, 6),
(10134, 6),
(10135, 6),
(10136, 6),
(10137, 6),
(10138, 6),
(10139, 6),
(10140, 6),
(10141, 6),
(10142, 6),
(10151, 6),
(10152, 6),
(10, 7),
(11, 7),
(12, 7),
(13, 7),
(14, 7),
(15, 7),
(46, 7),
(47, 7),
(48, 7),
(49, 7),
(123, 7),
(127, 7),
(165, 7),
(166, 7),
(167, 7),
(168, 7),
(193, 7),
(204, 7),
(205, 7),
(212, 7),
(213, 7),
(214, 7),
(265, 7),
(266, 7),
(267, 7),
(268, 7),
(269, 7),
(283, 7),
(284, 7),
(290, 7),
(291, 7),
(292, 7),
(313, 7),
(314, 7),
(347, 7),
(348, 7),
(401, 7),
(402, 7),
(412, 7),
(413, 7),
(414, 7),
(415, 7),
(416, 7),
(451, 7),
(469, 7),
(540, 7),
(541, 7),
(542, 7),
(543, 7),
(544, 7),
(545, 7),
(557, 7),
(558, 7),
(588, 7),
(589, 7),
(595, 7),
(596, 7),
(616, 7),
(617, 7),
(632, 7),
(636, 7),
(637, 7),
(649, 7),
(664, 7),
(665, 7),
(666, 7),
(736, 7),
(737, 7),
(738, 7),
(742, 7),
(743, 7),
(751, 7),
(752, 7),
(767, 7),
(768, 7),
(794, 7),
(795, 7),
(10004, 7),
(10005, 7),
(10040, 7),
(10046, 7),
(10047, 7),
(10090, 7),
(10122, 7),
(10150, 7),
(10153, 7),
(92, 8),
(93, 8),
(94, 8),
(200, 8),
(292, 8),
(302, 8),
(353, 8),
(354, 8),
(355, 8),
(356, 8),
(425, 8),
(426, 8),
(429, 8),
(442, 8),
(477, 8),
(478, 8),
(479, 8),
(487, 8),
(562, 8),
(563, 8),
(592, 8),
(593, 8),
(607, 8),
(608, 8),
(609, 8),
(622, 8),
(623, 8),
(679, 8),
(680, 8),
(681, 8),
(708, 8),
(709, 8),
(710, 8),
(711, 8),
(720, 8),
(724, 8),
(769, 8),
(770, 8),
(778, 8),
(781, 8),
(792, 8),
(802, 8),
(806, 8),
(10007, 8),
(10026, 8),
(10027, 8),
(10028, 8),
(10029, 8),
(10030, 8),
(10031, 8),
(10032, 8),
(10038, 8),
(10056, 8),
(10066, 8),
(10115, 8),
(10125, 8),
(10143, 8),
(10144, 8),
(10145, 8),
(10149, 8),
(10156, 8),
(81, 9),
(82, 9),
(205, 9),
(208, 9),
(212, 9),
(227, 9),
(303, 9),
(304, 9),
(305, 9),
(306, 9),
(374, 9),
(375, 9),
(376, 9),
(379, 9),
(385, 9),
(395, 9),
(410, 9),
(411, 9),
(436, 9),
(437, 9),
(448, 9),
(462, 9),
(476, 9),
(483, 9),
(485, 9),
(530, 9),
(589, 9),
(597, 9),
(598, 9),
(599, 9),
(600, 9),
(601, 9),
(624, 9),
(625, 9),
(632, 9),
(638, 9),
(649, 9),
(679, 9),
(680, 9),
(681, 9),
(707, 9),
(777, 9),
(791, 9),
(797, 9),
(798, 9),
(801, 9),
(805, 9),
(10005, 9),
(10026, 9),
(10046, 9),
(10052, 9),
(10053, 9),
(10059, 9),
(10072, 9),
(10076, 9),
(10101, 9),
(10102, 9),
(10105, 9),
(10106, 9),
(10147, 9),
(10154, 9),
(10155, 9),
(4, 10),
(5, 10),
(6, 10),
(37, 10),
(38, 10),
(58, 10),
(59, 10),
(77, 10),
(78, 10),
(126, 10),
(136, 10),
(146, 10),
(155, 10),
(156, 10),
(157, 10),
(218, 10),
(219, 10),
(228, 10),
(229, 10),
(240, 10),
(244, 10),
(250, 10),
(255, 10),
(256, 10),
(257, 10),
(322, 10),
(323, 10),
(324, 10),
(390, 10),
(391, 10),
(392, 10),
(467, 10),
(485, 10),
(494, 10),
(498, 10),
(499, 10),
(500, 10),
(513, 10),
(514, 10),
(554, 10),
(555, 10),
(607, 10),
(608, 10),
(609, 10),
(631, 10),
(636, 10),
(637, 10),
(643, 10),
(653, 10),
(654, 10),
(655, 10),
(662, 10),
(663, 10),
(667, 10),
(668, 10),
(721, 10),
(725, 10),
(726, 10),
(727, 10),
(741, 10),
(757, 10),
(758, 10),
(776, 10),
(806, 10),
(10008, 10),
(10013, 10),
(10017, 10),
(10034, 10),
(10035, 10),
(10048, 10),
(10050, 10),
(10078, 10),
(10087, 10),
(10115, 10),
(10129, 10),
(10149, 10),
(7, 11),
(8, 11),
(9, 11),
(54, 11),
(55, 11),
(60, 11),
(61, 11),
(62, 11),
(72, 11),
(73, 11),
(79, 11),
(80, 11),
(86, 11),
(87, 11),
(90, 11),
(91, 11),
(98, 11),
(99, 11),
(116, 11),
(117, 11),
(118, 11),
(119, 11),
(120, 11),
(121, 11),
(129, 11),
(130, 11),
(131, 11),
(134, 11),
(138, 11),
(139, 11),
(140, 11),
(141, 11),
(158, 11),
(159, 11),
(160, 11),
(170, 11),
(171, 11),
(183, 11),
(184, 11),
(186, 11),
(194, 11),
(195, 11),
(199, 11),
(211, 11),
(222, 11),
(223, 11),
(224, 11),
(226, 11),
(230, 11),
(245, 11),
(258, 11),
(259, 11),
(260, 11),
(270, 11),
(271, 11),
(272, 11),
(278, 11),
(279, 11),
(283, 11),
(318, 11),
(319, 11),
(320, 11),
(321, 11),
(339, 11),
(340, 11),
(341, 11),
(342, 11),
(349, 11),
(350, 11),
(363, 11),
(364, 11),
(365, 11),
(366, 11),
(367, 11),
(368, 11),
(369, 11),
(370, 11),
(382, 11),
(393, 11),
(394, 11),
(395, 11),
(400, 11),
(418, 11),
(419, 11),
(422, 11),
(423, 11),
(456, 11),
(457, 11),
(458, 11),
(484, 11),
(489, 11),
(490, 11),
(501, 11),
(502, 11),
(503, 11),
(515, 11),
(516, 11),
(535, 11),
(536, 11),
(537, 11),
(550, 11),
(564, 11),
(565, 11),
(580, 11),
(581, 11),
(592, 11),
(593, 11),
(594, 11),
(647, 11),
(656, 11),
(657, 11),
(658, 11),
(688, 11),
(689, 11),
(690, 11),
(692, 11),
(693, 11),
(721, 11),
(728, 11),
(729, 11),
(730, 11),
(746, 11),
(747, 11),
(748, 11),
(751, 11),
(752, 11),
(767, 11),
(768, 11),
(771, 11),
(779, 11),
(788, 11),
(10009, 11),
(10014, 11),
(10016, 11),
(10024, 11),
(10036, 11),
(10041, 11),
(10064, 11),
(10070, 11),
(10071, 11),
(10077, 11),
(10116, 11),
(10117, 11),
(10127, 11),
(10153, 11),
(1, 12),
(2, 12),
(3, 12),
(43, 12),
(44, 12),
(45, 12),
(46, 12),
(47, 12),
(69, 12),
(70, 12),
(71, 12),
(102, 12),
(103, 12),
(114, 12),
(152, 12),
(153, 12),
(154, 12),
(182, 12),
(187, 12),
(188, 12),
(189, 12),
(191, 12),
(192, 12),
(251, 12),
(252, 12),
(253, 12),
(254, 12),
(270, 12),
(271, 12),
(272, 12),
(273, 12),
(274, 12),
(275, 12),
(285, 12),
(286, 12),
(315, 12),
(331, 12),
(332, 12),
(345, 12),
(346, 12),
(357, 12),
(387, 12),
(388, 12),
(389, 12),
(406, 12),
(407, 12),
(413, 12),
(420, 12),
(421, 12),
(455, 12),
(459, 12),
(460, 12),
(465, 12),
(470, 12),
(492, 12),
(495, 12),
(496, 12),
(497, 12),
(511, 12),
(512, 12),
(540, 12),
(541, 12),
(542, 12),
(546, 12),
(547, 12),
(548, 12),
(549, 12),
(556, 12),
(585, 12),
(586, 12),
(590, 12),
(591, 12),
(597, 12),
(598, 12),
(640, 12),
(650, 12),
(651, 12),
(652, 12),
(672, 12),
(673, 12),
(708, 12),
(709, 12),
(710, 12),
(711, 12),
(722, 12),
(723, 12),
(724, 12),
(753, 12),
(754, 12),
(755, 12),
(756, 12),
(761, 12),
(762, 12),
(763, 12),
(781, 12),
(787, 12),
(798, 12),
(10006, 12),
(10012, 12),
(10027, 12),
(10028, 12),
(10029, 12),
(10030, 12),
(10031, 12),
(10032, 12),
(10033, 12),
(10060, 12),
(10065, 12),
(10114, 12),
(10128, 12),
(25, 13),
(26, 13),
(81, 13),
(82, 13),
(100, 13),
(101, 13),
(125, 13),
(135, 13),
(145, 13),
(170, 13),
(171, 13),
(172, 13),
(179, 13),
(180, 13),
(181, 13),
(239, 13),
(243, 13),
(309, 13),
(310, 13),
(311, 13),
(312, 13),
(403, 13),
(404, 13),
(405, 13),
(417, 13),
(462, 13),
(466, 13),
(479, 13),
(522, 13),
(523, 13),
(587, 13),
(595, 13),
(596, 13),
(602, 13),
(603, 13),
(604, 13),
(618, 13),
(642, 13),
(644, 13),
(694, 13),
(695, 13),
(702, 13),
(737, 13),
(738, 13),
(777, 13),
(785, 13),
(796, 13),
(807, 13),
(10008, 13),
(10009, 13),
(10010, 13),
(10011, 13),
(10012, 13),
(10020, 13),
(10045, 13),
(10055, 13),
(10080, 13),
(10081, 13),
(10082, 13),
(10083, 13),
(10084, 13),
(10085, 13),
(10094, 13),
(10095, 13),
(10096, 13),
(10097, 13),
(10098, 13),
(10099, 13),
(10100, 13),
(10109, 13),
(10110, 13),
(10111, 13),
(10122, 13),
(10123, 13),
(10148, 13),
(10154, 13),
(63, 14),
(64, 14),
(65, 14),
(79, 14),
(80, 14),
(96, 14),
(97, 14),
(102, 14),
(103, 14),
(121, 14),
(122, 14),
(124, 14),
(150, 14),
(151, 14),
(177, 14),
(178, 14),
(196, 14),
(199, 14),
(201, 14),
(202, 14),
(203, 14),
(238, 14),
(249, 14),
(251, 14),
(280, 14),
(281, 14),
(282, 14),
(307, 14),
(308, 14),
(325, 14),
(326, 14),
(337, 14),
(338, 14),
(343, 14),
(344, 14),
(358, 14),
(360, 14),
(374, 14),
(375, 14),
(376, 14),
(380, 14),
(381, 14),
(385, 14),
(386, 14),
(433, 14),
(436, 14),
(437, 14),
(439, 14),
(475, 14),
(480, 14),
(481, 14),
(482, 14),
(488, 14),
(494, 14),
(517, 14),
(518, 14),
(527, 14),
(528, 14),
(561, 14),
(574, 14),
(575, 14),
(576, 14),
(577, 14),
(578, 14),
(579, 14),
(605, 14),
(606, 14),
(648, 14),
(655, 14),
(677, 14),
(678, 14),
(686, 14),
(687, 14),
(720, 14),
(765, 14),
(779, 14),
(786, 14),
(789, 14),
(790, 14),
(791, 14),
(792, 14),
(800, 14),
(10001, 14),
(10002, 14),
(10003, 14),
(10017, 14),
(10025, 14),
(10037, 14),
(10043, 14),
(10044, 14),
(10051, 14),
(10054, 14),
(10062, 14),
(10063, 14),
(10068, 14),
(10071, 14),
(10076, 14),
(10086, 14),
(10100, 14),
(10124, 14),
(10155, 14),
(10156, 14),
(10157, 14),
(87, 15),
(91, 15),
(124, 15),
(131, 15),
(144, 15),
(215, 15),
(220, 15),
(221, 15),
(225, 15),
(238, 15),
(361, 15),
(362, 15),
(363, 15),
(364, 15),
(365, 15),
(378, 15),
(459, 15),
(460, 15),
(461, 15),
(471, 15),
(473, 15),
(478, 15),
(582, 15),
(583, 15),
(584, 15),
(613, 15),
(614, 15),
(615, 15),
(646, 15),
(698, 15),
(699, 15),
(712, 15),
(713, 15),
(740, 15),
(10010, 15),
(10015, 15),
(10022, 15),
(10023, 15),
(10060, 15),
(10074, 15),
(10101, 15),
(10102, 15),
(10103, 15),
(10104, 15),
(147, 16),
(148, 16),
(149, 16),
(230, 16),
(329, 16),
(330, 16),
(334, 16),
(371, 16),
(372, 16),
(373, 16),
(380, 16),
(381, 16),
(384, 16),
(443, 16),
(444, 16),
(445, 16),
(483, 16),
(484, 16),
(487, 16),
(610, 16),
(611, 16),
(612, 16),
(621, 16),
(633, 16),
(634, 16),
(635, 16),
(643, 16),
(644, 16),
(646, 16),
(691, 16),
(696, 16),
(697, 16),
(704, 16),
(705, 16),
(706, 16),
(714, 16),
(715, 16),
(718, 16),
(776, 16),
(780, 16),
(782, 16),
(783, 16),
(784, 16),
(799, 16),
(804, 16),
(10007, 16),
(10022, 16),
(10023, 16),
(10034, 16),
(10045, 16),
(10058, 16),
(10062, 16),
(10063, 16),
(10065, 16),
(10067, 16),
(10079, 16),
(10089, 16),
(10114, 16),
(10118, 16),
(10119, 16),
(10120, 16),
(10146, 16),
(10157, 16),
(197, 17),
(198, 17),
(215, 17),
(228, 17),
(229, 17),
(248, 17),
(261, 17),
(262, 17),
(274, 17),
(275, 17),
(302, 17),
(318, 17),
(319, 17),
(332, 17),
(342, 17),
(359, 17),
(430, 17),
(434, 17),
(435, 17),
(442, 17),
(452, 17),
(461, 17),
(491, 17),
(509, 17),
(510, 17),
(551, 17),
(552, 17),
(553, 17),
(559, 17),
(560, 17),
(570, 17),
(571, 17),
(624, 17),
(625, 17),
(629, 17),
(630, 17),
(633, 17),
(634, 17),
(635, 17),
(658, 17),
(675, 17),
(686, 17),
(687, 17),
(717, 17),
(727, 17),
(799, 17),
(10041, 17),
(10048, 17),
(10049, 17),
(10057, 17),
(10066, 17),
(10070, 17),
(10086, 17),
(10091, 17),
(10092, 17),
(10093, 17),
(10107, 17),
(10108, 17),
(10112, 17),
(10113, 17),
(10116, 17),
(10117, 17),
(35, 18),
(36, 18),
(39, 18),
(40, 18),
(122, 18),
(173, 18),
(174, 18),
(175, 18),
(176, 18),
(183, 18),
(184, 18),
(209, 18),
(210, 18),
(280, 18),
(281, 18),
(282, 18),
(298, 18),
(303, 18),
(439, 18),
(468, 18),
(546, 18),
(547, 18),
(669, 18),
(670, 18),
(671, 18),
(682, 18),
(683, 18),
(684, 18),
(685, 18),
(700, 18),
(702, 18),
(703, 18),
(707, 18),
(716, 18),
(719, 18),
(730, 18),
(742, 18),
(743, 18),
(755, 18),
(756, 18),
(764, 18),
(778, 18),
(785, 18),
(786, 18),
(787, 18),
(788, 18),
(801, 18),
(10051, 18),
(10052, 18),
(10061, 18),
(10067, 18),
(10069, 18),
(10075, 18),
(10104, 18),
(10143, 18),
(10144, 18),
(10145, 18),
(10147, 18),
(10150, 18);

CREATE TABLE Statistiques (
  Id_Statistiques integer NOT NULL,
  hp integer DEFAULT NULL,
  def integer DEFAULT NULL,
  atq integer DEFAULT NULL,
  spe_atq integer DEFAULT NULL,
  spe_def integer DEFAULT NULL,
  vit integer DEFAULT NULL
) ;

INSERT INTO Statistiques (Id_Statistiques, hp, def, atq, spe_atq, spe_def, vit) VALUES
(1, 45, 49, 49, 65, 65, 45),
(2, 60, 63, 62, 80, 80, 60),
(3, 80, 83, 82, 100, 100, 80),
(4, 80, 123, 100, 122, 120, 80),
(5, 39, 43, 52, 60, 50, 65),
(6, 58, 58, 64, 80, 65, 80),
(7, 78, 78, 84, 109, 85, 100),
(8, 78, 111, 130, 130, 85, 100),
(9, 78, 78, 104, 159, 115, 100),
(10, 44, 65, 48, 50, 64, 43),
(11, 59, 80, 63, 65, 80, 58),
(12, 79, 100, 83, 85, 105, 78),
(13, 79, 120, 103, 135, 115, 78),
(14, 45, 35, 30, 20, 20, 45),
(15, 50, 55, 20, 25, 25, 30),
(16, 60, 50, 45, 90, 80, 70),
(17, 40, 30, 35, 20, 20, 50),
(18, 45, 50, 25, 25, 25, 35),
(19, 65, 40, 90, 45, 80, 75),
(20, 65, 40, 150, 15, 80, 145),
(21, 40, 40, 45, 35, 35, 56),
(22, 63, 55, 60, 50, 50, 71),
(23, 83, 75, 80, 70, 70, 101),
(24, 83, 80, 80, 135, 80, 121),
(25, 30, 35, 56, 25, 35, 72),
(26, 55, 60, 81, 50, 70, 97),
(27, 40, 30, 60, 31, 31, 70),
(28, 65, 65, 90, 61, 61, 100),
(29, 35, 44, 60, 40, 54, 55),
(30, 60, 69, 85, 65, 79, 80),
(31, 35, 40, 55, 50, 50, 90),
(32, 60, 55, 90, 90, 80, 110),
(33, 50, 85, 75, 20, 30, 40),
(34, 75, 110, 100, 45, 55, 65),
(35, 55, 52, 47, 40, 40, 41),
(36, 70, 67, 62, 55, 55, 56),
(37, 90, 87, 92, 75, 85, 76),
(38, 46, 40, 57, 40, 40, 50),
(39, 61, 57, 72, 55, 55, 65),
(40, 81, 77, 102, 85, 75, 85),
(41, 70, 48, 45, 60, 65, 35),
(42, 95, 73, 70, 95, 90, 60),
(43, 38, 40, 41, 50, 65, 65),
(44, 73, 75, 76, 81, 100, 100),
(45, 115, 20, 45, 45, 25, 20),
(46, 140, 45, 70, 85, 50, 45),
(47, 40, 35, 45, 30, 40, 55),
(48, 75, 70, 80, 65, 75, 90),
(49, 45, 55, 50, 75, 65, 30),
(50, 60, 70, 65, 85, 75, 40),
(51, 75, 85, 80, 110, 90, 50),
(52, 35, 55, 70, 45, 55, 25),
(53, 60, 80, 95, 60, 80, 30),
(54, 60, 50, 55, 40, 55, 45),
(55, 70, 60, 65, 90, 75, 90),
(56, 10, 25, 55, 35, 45, 95),
(57, 35, 50, 80, 50, 70, 120),
(58, 40, 35, 45, 40, 40, 90),
(59, 65, 60, 70, 65, 65, 115),
(60, 50, 48, 52, 65, 50, 55),
(61, 80, 78, 82, 95, 80, 85),
(62, 40, 35, 80, 35, 45, 70),
(63, 65, 60, 105, 60, 70, 95),
(64, 55, 45, 70, 70, 50, 60),
(65, 90, 80, 110, 100, 80, 95),
(66, 40, 40, 50, 40, 40, 90),
(67, 65, 65, 65, 50, 50, 90),
(68, 90, 95, 95, 70, 90, 70),
(69, 25, 15, 20, 105, 55, 90),
(70, 40, 30, 35, 120, 70, 105),
(71, 55, 45, 50, 135, 95, 120),
(72, 55, 65, 50, 175, 95, 150),
(73, 70, 50, 80, 35, 35, 35),
(74, 80, 70, 100, 50, 60, 45),
(75, 90, 80, 130, 65, 85, 55),
(76, 50, 35, 75, 70, 30, 40),
(77, 65, 50, 90, 85, 45, 55),
(78, 80, 65, 105, 100, 70, 70),
(79, 40, 35, 40, 50, 100, 70),
(80, 80, 65, 70, 80, 120, 100),
(81, 40, 100, 80, 30, 30, 20),
(82, 55, 115, 95, 45, 45, 35),
(83, 80, 130, 120, 55, 65, 45),
(84, 50, 55, 85, 65, 65, 90),
(85, 65, 70, 100, 80, 80, 105),
(86, 90, 65, 65, 40, 40, 15),
(87, 95, 110, 75, 100, 80, 30),
(88, 95, 180, 75, 130, 80, 30),
(89, 25, 70, 35, 95, 55, 45),
(90, 50, 95, 60, 120, 70, 70),
(91, 52, 55, 65, 58, 62, 60),
(92, 35, 45, 85, 35, 35, 75),
(93, 60, 70, 110, 60, 60, 100),
(94, 65, 55, 45, 45, 70, 45),
(95, 90, 80, 70, 70, 95, 70),
(96, 80, 50, 80, 40, 50, 25),
(97, 105, 75, 105, 65, 100, 50),
(98, 30, 100, 65, 45, 25, 40),
(99, 50, 180, 95, 85, 45, 70),
(100, 30, 30, 35, 100, 35, 80),
(101, 45, 45, 50, 115, 55, 95),
(102, 60, 60, 65, 130, 75, 110),
(103, 60, 80, 65, 170, 95, 130),
(104, 35, 160, 45, 30, 45, 70),
(105, 60, 45, 48, 43, 90, 42),
(106, 85, 70, 73, 73, 115, 67),
(107, 30, 90, 105, 25, 25, 50),
(108, 55, 115, 130, 50, 50, 75),
(109, 40, 50, 30, 55, 55, 100),
(110, 60, 70, 50, 80, 80, 140),
(111, 60, 80, 40, 60, 45, 40),
(112, 95, 85, 95, 125, 65, 55),
(113, 50, 95, 50, 40, 50, 35),
(114, 60, 110, 80, 50, 80, 45),
(115, 50, 53, 120, 35, 110, 87),
(116, 50, 79, 105, 35, 110, 76),
(117, 90, 75, 55, 60, 75, 30),
(118, 40, 95, 65, 60, 45, 35),
(119, 65, 120, 90, 85, 70, 60),
(120, 80, 95, 85, 30, 30, 25),
(121, 105, 120, 130, 45, 45, 40),
(122, 250, 5, 5, 35, 105, 50),
(123, 65, 115, 55, 100, 40, 60),
(124, 105, 80, 95, 40, 80, 90),
(125, 105, 100, 125, 60, 100, 100),
(126, 30, 70, 40, 70, 25, 60),
(127, 55, 95, 65, 95, 45, 85),
(128, 45, 60, 67, 35, 50, 63),
(129, 80, 65, 92, 65, 80, 68),
(130, 30, 55, 45, 70, 55, 85),
(131, 60, 85, 75, 100, 85, 115),
(132, 40, 65, 45, 100, 120, 90),
(133, 70, 80, 110, 55, 80, 105),
(134, 65, 35, 50, 115, 95, 95),
(135, 65, 57, 83, 95, 85, 105),
(136, 65, 57, 95, 100, 85, 93),
(137, 65, 100, 125, 55, 70, 85),
(138, 65, 120, 155, 65, 90, 105),
(139, 75, 95, 100, 40, 70, 110),
(140, 20, 55, 10, 15, 20, 80),
(141, 95, 79, 125, 60, 100, 81),
(142, 95, 109, 155, 70, 130, 81),
(143, 130, 80, 85, 85, 95, 60),
(144, 48, 48, 48, 48, 48, 48),
(145, 55, 50, 55, 45, 65, 55),
(146, 130, 60, 65, 110, 95, 65),
(147, 65, 60, 65, 110, 95, 130),
(148, 65, 60, 130, 95, 110, 65),
(149, 65, 70, 60, 85, 75, 40),
(150, 35, 100, 40, 90, 55, 35),
(151, 70, 125, 60, 115, 70, 55),
(152, 30, 90, 80, 55, 45, 55),
(153, 60, 105, 115, 65, 70, 80),
(154, 80, 65, 105, 60, 75, 130),
(155, 80, 85, 135, 70, 95, 150),
(156, 160, 65, 110, 65, 110, 30),
(157, 90, 100, 85, 95, 125, 85),
(158, 90, 85, 90, 125, 90, 100),
(159, 90, 90, 100, 125, 85, 90),
(160, 41, 45, 64, 50, 50, 50),
(161, 61, 65, 84, 70, 70, 70),
(162, 91, 95, 134, 100, 100, 80),
(163, 106, 90, 110, 154, 90, 130),
(164, 106, 100, 190, 154, 100, 130),
(165, 106, 70, 150, 194, 120, 140),
(166, 100, 100, 100, 100, 100, 100),
(167, 45, 65, 49, 49, 65, 45),
(168, 60, 80, 62, 63, 80, 60),
(169, 80, 100, 82, 83, 100, 80),
(170, 39, 43, 52, 60, 50, 65),
(171, 58, 58, 64, 80, 65, 80),
(172, 78, 78, 84, 109, 85, 100),
(173, 50, 64, 65, 44, 48, 43),
(174, 65, 80, 80, 59, 63, 58),
(175, 85, 100, 105, 79, 83, 78),
(176, 35, 34, 46, 35, 45, 20),
(177, 85, 64, 76, 45, 55, 90),
(178, 60, 30, 30, 36, 56, 50),
(179, 100, 50, 50, 76, 96, 70),
(180, 40, 30, 20, 40, 80, 55),
(181, 55, 50, 35, 55, 110, 85),
(182, 40, 40, 60, 40, 40, 30),
(183, 70, 70, 90, 60, 60, 40),
(184, 85, 80, 90, 70, 80, 130),
(185, 75, 38, 38, 56, 56, 67),
(186, 125, 58, 58, 76, 76, 67),
(187, 20, 15, 40, 35, 35, 60),
(188, 50, 28, 25, 45, 55, 15),
(189, 90, 15, 30, 40, 20, 15),
(190, 35, 65, 20, 40, 65, 20),
(191, 55, 85, 40, 80, 105, 40),
(192, 40, 45, 50, 70, 45, 70),
(193, 65, 70, 75, 95, 70, 95),
(194, 55, 40, 40, 65, 45, 35),
(195, 70, 55, 55, 80, 60, 45),
(196, 90, 85, 75, 115, 90, 55),
(197, 90, 105, 95, 165, 110, 45),
(198, 75, 95, 80, 90, 100, 50),
(199, 70, 50, 20, 20, 50, 40),
(200, 100, 80, 50, 60, 80, 50),
(201, 70, 115, 100, 30, 65, 30),
(202, 90, 75, 75, 90, 100, 70),
(203, 35, 40, 35, 35, 55, 50),
(204, 55, 50, 45, 45, 65, 80),
(205, 75, 70, 55, 55, 95, 110),
(206, 55, 55, 70, 40, 55, 85),
(207, 30, 30, 30, 30, 30, 30),
(208, 75, 55, 75, 105, 85, 30),
(209, 65, 45, 65, 75, 45, 95),
(210, 55, 45, 45, 25, 25, 15),
(211, 95, 85, 85, 65, 65, 35),
(212, 65, 60, 65, 130, 95, 110),
(213, 95, 110, 65, 60, 130, 65),
(214, 60, 42, 85, 85, 42, 91),
(215, 95, 80, 75, 100, 110, 30),
(216, 60, 60, 60, 85, 85, 85),
(217, 48, 48, 72, 72, 48, 48),
(218, 190, 58, 33, 33, 58, 33),
(219, 70, 65, 80, 90, 65, 85),
(220, 50, 90, 65, 35, 35, 15),
(221, 75, 140, 90, 60, 60, 40),
(222, 100, 70, 70, 65, 65, 45),
(223, 65, 105, 75, 35, 65, 85),
(224, 75, 200, 85, 55, 65, 30),
(225, 75, 230, 125, 55, 95, 30),
(226, 60, 50, 80, 40, 40, 30),
(227, 90, 75, 120, 60, 60, 45),
(228, 65, 75, 95, 55, 55, 85),
(229, 70, 100, 130, 55, 80, 65),
(230, 70, 140, 150, 65, 100, 75),
(231, 20, 230, 10, 10, 230, 5),
(232, 80, 75, 125, 40, 95, 85),
(233, 80, 115, 185, 40, 105, 75),
(234, 55, 55, 95, 35, 75, 115),
(235, 60, 50, 80, 50, 50, 40),
(236, 90, 75, 130, 75, 75, 55),
(237, 40, 40, 40, 70, 40, 20),
(238, 50, 120, 50, 80, 80, 30),
(239, 50, 40, 50, 30, 30, 50),
(240, 100, 80, 100, 60, 60, 50),
(241, 55, 85, 55, 65, 85, 35),
(242, 35, 35, 65, 65, 35, 65),
(243, 75, 75, 105, 105, 75, 45),
(244, 45, 45, 55, 65, 45, 75),
(245, 65, 70, 40, 80, 140, 70),
(246, 65, 140, 80, 40, 70, 70),
(247, 45, 30, 60, 80, 50, 65),
(248, 75, 50, 90, 110, 80, 95),
(249, 75, 90, 90, 140, 90, 115),
(250, 75, 95, 95, 95, 95, 85),
(251, 90, 60, 60, 40, 40, 40),
(252, 90, 120, 120, 60, 60, 50),
(253, 85, 90, 80, 105, 95, 60),
(254, 73, 62, 95, 85, 65, 85),
(255, 55, 35, 20, 20, 45, 75),
(256, 35, 35, 35, 35, 35, 35),
(257, 50, 95, 95, 35, 110, 70),
(258, 45, 15, 30, 85, 65, 65),
(259, 45, 37, 63, 65, 55, 95),
(260, 45, 37, 75, 70, 55, 83),
(261, 95, 105, 80, 40, 70, 100),
(262, 255, 10, 10, 75, 135, 55),
(263, 90, 75, 85, 115, 100, 115),
(264, 115, 85, 115, 90, 75, 100),
(265, 100, 115, 75, 90, 115, 85),
(266, 50, 50, 64, 45, 50, 41),
(267, 70, 70, 84, 65, 70, 51),
(268, 100, 110, 134, 95, 100, 61),
(269, 100, 150, 164, 95, 120, 71),
(270, 106, 130, 90, 90, 154, 110),
(271, 106, 90, 130, 110, 154, 90),
(272, 100, 100, 100, 100, 100, 100),
(273, 40, 35, 45, 65, 55, 70),
(274, 50, 45, 65, 85, 65, 95),
(275, 70, 65, 85, 105, 85, 120),
(276, 70, 75, 110, 145, 85, 145),
(277, 45, 40, 60, 70, 50, 45),
(278, 60, 60, 85, 85, 60, 55),
(279, 80, 70, 120, 110, 70, 80),
(280, 80, 80, 160, 130, 80, 100),
(281, 50, 50, 70, 50, 50, 40),
(282, 70, 70, 85, 60, 70, 50),
(283, 100, 90, 110, 85, 90, 60),
(284, 100, 110, 150, 95, 110, 70),
(285, 35, 35, 55, 30, 30, 35),
(286, 70, 70, 90, 60, 60, 70),
(287, 38, 41, 30, 30, 41, 60),
(288, 78, 61, 70, 50, 61, 100),
(289, 45, 35, 45, 20, 30, 20),
(290, 50, 55, 35, 25, 25, 15),
(291, 60, 50, 70, 100, 50, 65),
(292, 50, 55, 35, 25, 25, 15),
(293, 60, 70, 50, 50, 90, 65),
(294, 40, 30, 30, 40, 50, 30),
(295, 60, 50, 50, 60, 70, 50),
(296, 80, 70, 70, 90, 100, 70),
(297, 40, 50, 40, 30, 30, 30),
(298, 70, 40, 70, 60, 40, 60),
(299, 90, 60, 100, 90, 60, 80),
(300, 40, 30, 55, 30, 30, 85),
(301, 60, 60, 85, 50, 50, 125),
(302, 40, 30, 30, 55, 30, 85),
(303, 60, 100, 50, 85, 70, 65),
(304, 28, 25, 25, 45, 35, 40),
(305, 38, 35, 35, 65, 55, 50),
(306, 68, 65, 65, 125, 115, 80),
(307, 68, 65, 85, 165, 135, 100),
(308, 40, 32, 30, 50, 52, 65),
(309, 70, 62, 60, 80, 82, 60),
(310, 60, 60, 40, 40, 60, 35),
(311, 60, 80, 130, 60, 60, 70),
(312, 60, 60, 60, 35, 35, 30),
(313, 80, 80, 80, 55, 55, 90),
(314, 150, 100, 160, 95, 65, 100),
(315, 31, 90, 45, 30, 30, 40),
(316, 61, 45, 90, 50, 50, 160),
(317, 1, 45, 90, 30, 30, 40),
(318, 64, 23, 51, 51, 23, 28),
(319, 84, 43, 71, 71, 43, 48),
(320, 104, 63, 91, 91, 73, 68),
(321, 72, 30, 60, 20, 30, 25),
(322, 144, 60, 120, 40, 60, 50),
(323, 50, 40, 20, 20, 40, 20),
(324, 30, 135, 45, 45, 90, 30),
(325, 50, 45, 45, 35, 35, 50),
(326, 70, 65, 65, 55, 55, 70),
(327, 50, 75, 75, 65, 65, 50),
(328, 50, 125, 85, 85, 115, 20),
(329, 50, 85, 85, 55, 55, 50),
(330, 50, 125, 105, 55, 95, 50),
(331, 50, 100, 70, 40, 40, 30),
(332, 60, 140, 90, 50, 50, 40),
(333, 70, 180, 110, 60, 60, 50),
(334, 70, 230, 140, 60, 80, 50),
(335, 30, 55, 40, 40, 55, 60),
(336, 60, 75, 60, 60, 75, 80),
(337, 60, 85, 100, 80, 85, 100),
(338, 40, 40, 45, 65, 40, 65),
(339, 70, 60, 75, 105, 60, 105),
(340, 70, 80, 75, 135, 80, 135),
(341, 60, 40, 50, 85, 75, 95),
(342, 60, 50, 40, 75, 85, 95),
(343, 65, 55, 73, 47, 75, 85),
(344, 65, 55, 47, 73, 75, 85),
(345, 50, 45, 60, 100, 80, 65),
(346, 70, 53, 43, 43, 53, 40),
(347, 100, 83, 73, 73, 83, 55),
(348, 45, 20, 90, 65, 20, 65),
(349, 70, 40, 120, 95, 40, 95),
(350, 70, 70, 140, 110, 65, 105),
(351, 130, 35, 70, 70, 35, 60),
(352, 170, 45, 90, 90, 45, 60),
(353, 60, 40, 60, 65, 45, 35),
(354, 70, 70, 100, 105, 75, 40),
(355, 70, 100, 120, 145, 105, 20),
(356, 70, 140, 85, 85, 70, 20),
(357, 60, 35, 25, 70, 80, 60),
(358, 80, 65, 45, 90, 110, 80),
(359, 60, 60, 60, 60, 60, 60),
(360, 45, 45, 100, 45, 45, 10),
(361, 50, 50, 70, 50, 50, 70),
(362, 80, 80, 100, 80, 80, 100),
(363, 50, 40, 85, 85, 40, 35),
(364, 70, 60, 115, 115, 60, 55),
(365, 45, 60, 40, 40, 75, 50),
(366, 75, 90, 70, 70, 105, 80),
(367, 75, 110, 110, 110, 105, 80),
(368, 73, 60, 115, 60, 60, 90),
(369, 73, 60, 100, 100, 60, 65),
(370, 70, 65, 55, 95, 85, 70),
(371, 70, 85, 95, 55, 65, 70),
(372, 50, 43, 48, 46, 41, 60),
(373, 110, 73, 78, 76, 71, 60),
(374, 43, 65, 80, 50, 35, 35),
(375, 63, 85, 120, 90, 55, 55),
(376, 40, 55, 40, 40, 70, 55),
(377, 60, 105, 70, 70, 120, 75),
(378, 66, 77, 41, 61, 87, 23),
(379, 86, 97, 81, 81, 107, 43),
(380, 45, 50, 95, 40, 50, 75),
(381, 75, 100, 125, 70, 80, 45),
(382, 20, 20, 15, 10, 55, 80),
(383, 95, 79, 60, 100, 125, 81),
(384, 70, 70, 70, 70, 70, 70),
(385, 60, 70, 90, 60, 120, 40),
(386, 44, 35, 75, 63, 33, 45),
(387, 64, 65, 115, 83, 63, 65),
(388, 64, 75, 165, 93, 83, 75),
(389, 20, 90, 40, 30, 90, 25),
(390, 40, 130, 70, 60, 130, 25),
(391, 99, 83, 68, 72, 87, 51),
(392, 65, 70, 50, 95, 80, 65),
(393, 65, 60, 130, 75, 60, 75),
(394, 65, 60, 150, 115, 60, 115),
(395, 95, 48, 23, 23, 48, 23),
(396, 50, 50, 50, 50, 50, 50),
(397, 80, 80, 80, 80, 80, 80),
(398, 80, 80, 120, 120, 80, 100),
(399, 70, 50, 40, 55, 50, 25),
(400, 90, 70, 60, 75, 70, 45),
(401, 110, 90, 80, 95, 90, 65),
(402, 35, 85, 64, 74, 55, 32),
(403, 55, 105, 104, 94, 75, 52),
(404, 55, 105, 84, 114, 75, 52),
(405, 100, 130, 90, 45, 65, 55),
(406, 43, 55, 30, 40, 65, 97),
(407, 45, 60, 75, 40, 30, 50),
(408, 65, 100, 95, 60, 50, 50),
(409, 95, 80, 135, 110, 80, 100),
(410, 95, 130, 145, 120, 90, 120),
(411, 40, 80, 55, 35, 60, 30),
(412, 60, 100, 75, 55, 80, 50),
(413, 80, 130, 135, 95, 90, 70),
(414, 80, 150, 145, 105, 110, 110),
(415, 80, 200, 100, 50, 100, 50),
(416, 80, 100, 50, 100, 200, 50),
(417, 80, 150, 75, 75, 150, 50),
(418, 80, 90, 80, 110, 130, 110),
(419, 80, 120, 100, 140, 150, 110),
(420, 80, 80, 90, 130, 110, 110),
(421, 80, 100, 130, 160, 120, 110),
(422, 100, 90, 100, 150, 140, 90),
(423, 100, 90, 150, 180, 160, 90),
(424, 100, 140, 150, 100, 90, 90),
(425, 100, 160, 180, 150, 90, 90),
(426, 105, 90, 150, 150, 90, 95),
(427, 105, 100, 180, 180, 100, 115),
(428, 100, 100, 100, 100, 100, 100),
(429, 50, 50, 150, 150, 50, 150),
(430, 50, 20, 180, 180, 20, 150),
(431, 50, 160, 70, 70, 160, 90),
(432, 50, 90, 95, 95, 90, 180),
(433, 55, 64, 68, 45, 55, 31),
(434, 75, 85, 89, 55, 65, 36),
(435, 95, 105, 109, 75, 85, 56),
(436, 44, 44, 58, 58, 44, 61),
(437, 64, 52, 78, 78, 52, 81),
(438, 76, 71, 104, 104, 71, 108),
(439, 53, 53, 51, 61, 56, 40),
(440, 64, 68, 66, 81, 76, 50),
(441, 84, 88, 86, 111, 101, 60),
(442, 40, 30, 55, 30, 30, 60),
(443, 55, 50, 75, 40, 40, 80),
(444, 85, 70, 120, 50, 60, 100),
(445, 59, 40, 45, 35, 40, 31),
(446, 79, 60, 85, 55, 60, 71),
(447, 37, 41, 25, 25, 41, 25),
(448, 77, 51, 85, 55, 51, 65),
(449, 45, 34, 65, 40, 34, 45),
(450, 60, 49, 85, 60, 49, 60),
(451, 80, 79, 120, 95, 79, 70),
(452, 40, 35, 30, 50, 70, 55),
(453, 60, 65, 70, 125, 105, 90),
(454, 67, 40, 125, 30, 30, 58),
(455, 97, 60, 165, 65, 50, 58),
(456, 30, 118, 42, 42, 88, 30),
(457, 60, 168, 52, 47, 138, 30),
(458, 40, 45, 29, 29, 45, 36),
(459, 60, 85, 59, 79, 105, 36),
(460, 60, 105, 79, 59, 85, 36),
(461, 60, 95, 69, 69, 95, 36),
(462, 70, 50, 94, 94, 50, 66),
(463, 30, 42, 30, 30, 42, 70),
(464, 70, 102, 80, 80, 102, 40),
(465, 60, 70, 45, 45, 90, 95),
(466, 55, 35, 65, 60, 30, 85),
(467, 85, 55, 105, 85, 50, 115),
(468, 45, 45, 35, 62, 53, 35),
(469, 70, 70, 60, 87, 78, 85),
(470, 76, 48, 48, 57, 62, 34),
(471, 111, 68, 83, 92, 82, 39),
(472, 75, 66, 100, 60, 66, 115),
(473, 90, 34, 50, 60, 44, 70),
(474, 150, 44, 80, 90, 54, 80),
(475, 55, 44, 66, 44, 56, 85),
(476, 65, 84, 76, 54, 96, 105),
(477, 65, 94, 136, 54, 96, 135),
(478, 60, 60, 60, 105, 105, 105),
(479, 100, 52, 125, 105, 52, 71),
(480, 49, 42, 55, 42, 37, 85),
(481, 71, 64, 82, 64, 59, 112),
(482, 45, 50, 30, 65, 50, 45),
(483, 63, 47, 63, 41, 41, 74),
(484, 103, 67, 93, 71, 61, 84),
(485, 57, 86, 24, 24, 86, 23),
(486, 67, 116, 89, 79, 116, 33),
(487, 50, 95, 80, 10, 45, 10),
(488, 20, 45, 25, 70, 90, 60),
(489, 100, 5, 5, 15, 65, 30),
(490, 76, 45, 65, 92, 42, 91),
(491, 50, 108, 92, 92, 108, 35),
(492, 58, 45, 70, 40, 45, 42),
(493, 68, 65, 90, 50, 55, 82),
(494, 108, 95, 130, 80, 85, 102),
(495, 108, 115, 170, 120, 95, 92),
(496, 135, 40, 85, 40, 85, 5),
(497, 40, 40, 70, 35, 40, 60),
(498, 70, 70, 110, 115, 70, 90),
(499, 70, 88, 145, 140, 70, 112),
(500, 68, 78, 72, 38, 42, 32),
(501, 108, 118, 112, 68, 72, 47),
(502, 40, 90, 50, 30, 55, 65),
(503, 70, 110, 90, 60, 75, 95),
(504, 48, 40, 61, 61, 40, 50),
(505, 83, 65, 106, 86, 65, 85),
(506, 74, 72, 100, 90, 72, 46),
(507, 49, 56, 49, 49, 61, 66),
(508, 69, 76, 69, 69, 86, 91),
(509, 45, 50, 20, 60, 120, 50),
(510, 60, 50, 62, 62, 60, 40),
(511, 90, 75, 92, 92, 85, 60),
(512, 90, 105, 132, 132, 105, 30),
(513, 70, 65, 120, 45, 85, 125),
(514, 70, 115, 70, 130, 90, 60),
(515, 110, 95, 85, 80, 95, 50),
(516, 115, 130, 140, 55, 55, 40),
(517, 100, 125, 100, 110, 50, 50),
(518, 75, 67, 123, 95, 85, 95),
(519, 75, 67, 95, 125, 95, 83),
(520, 85, 95, 50, 120, 115, 80),
(521, 86, 86, 76, 116, 56, 95),
(522, 65, 130, 110, 60, 65, 95),
(523, 65, 110, 60, 130, 95, 65),
(524, 75, 125, 95, 45, 75, 95),
(525, 110, 80, 130, 70, 60, 80),
(526, 85, 70, 80, 135, 75, 90),
(527, 68, 65, 125, 65, 115, 80),
(528, 68, 95, 165, 65, 115, 110),
(529, 60, 145, 55, 75, 150, 40),
(530, 45, 135, 100, 65, 135, 45),
(531, 70, 70, 80, 80, 70, 110),
(532, 50, 77, 50, 95, 77, 91),
(533, 50, 107, 65, 105, 107, 86),
(534, 50, 107, 65, 105, 107, 86),
(535, 50, 107, 65, 105, 107, 86),
(536, 50, 107, 65, 105, 107, 86),
(537, 50, 107, 65, 105, 107, 86),
(538, 75, 130, 75, 75, 130, 95),
(539, 80, 105, 105, 105, 105, 80),
(540, 75, 70, 125, 125, 70, 115),
(541, 100, 120, 120, 150, 100, 90),
(542, 90, 100, 120, 150, 120, 100),
(543, 91, 106, 90, 130, 106, 77),
(544, 110, 110, 160, 80, 110, 100),
(545, 150, 120, 100, 100, 120, 90),
(546, 150, 100, 120, 120, 100, 90),
(547, 120, 120, 70, 75, 130, 85),
(548, 80, 80, 80, 80, 80, 80),
(549, 100, 100, 100, 100, 100, 100),
(550, 70, 90, 90, 135, 90, 125),
(551, 100, 100, 100, 100, 100, 100),
(552, 100, 75, 103, 120, 75, 127),
(553, 120, 120, 120, 120, 120, 120),
(554, 100, 100, 100, 100, 100, 100),
(555, 45, 55, 45, 45, 55, 63),
(556, 60, 75, 60, 60, 75, 83),
(557, 75, 95, 75, 75, 95, 113),
(558, 65, 45, 63, 45, 45, 45),
(559, 90, 55, 93, 70, 55, 55),
(560, 110, 65, 123, 100, 65, 65),
(561, 55, 45, 55, 63, 45, 45),
(562, 75, 60, 75, 83, 60, 60),
(563, 95, 85, 100, 108, 70, 70),
(564, 45, 39, 55, 35, 39, 42),
(565, 60, 69, 85, 60, 69, 77),
(566, 45, 45, 60, 25, 45, 55),
(567, 65, 65, 80, 35, 65, 60),
(568, 85, 90, 110, 45, 90, 80),
(569, 41, 37, 50, 50, 37, 66),
(570, 64, 50, 88, 88, 50, 106),
(571, 50, 48, 53, 53, 48, 64),
(572, 75, 63, 98, 98, 63, 101),
(573, 50, 48, 53, 53, 48, 64),
(574, 75, 63, 98, 98, 63, 101),
(575, 50, 48, 53, 53, 48, 64),
(576, 75, 63, 98, 98, 63, 101),
(577, 76, 45, 25, 67, 55, 24),
(578, 116, 85, 55, 107, 95, 29),
(579, 50, 50, 55, 36, 30, 43),
(580, 62, 62, 77, 50, 42, 65),
(581, 80, 80, 115, 65, 55, 93),
(582, 45, 32, 60, 50, 32, 76),
(583, 75, 63, 100, 80, 63, 116),
(584, 55, 85, 75, 25, 25, 15),
(585, 70, 105, 105, 50, 40, 20),
(586, 85, 130, 135, 60, 80, 25),
(587, 55, 43, 45, 55, 43, 72),
(588, 67, 55, 57, 77, 55, 114),
(589, 60, 40, 85, 30, 45, 68),
(590, 110, 60, 135, 50, 65, 88),
(591, 103, 86, 60, 60, 86, 50),
(592, 103, 126, 60, 80, 126, 50),
(593, 75, 55, 80, 25, 35, 35),
(594, 85, 85, 105, 40, 50, 40),
(595, 105, 95, 140, 55, 65, 45),
(596, 50, 40, 50, 50, 40, 64),
(597, 75, 55, 65, 65, 55, 69),
(598, 105, 75, 95, 85, 75, 74),
(599, 120, 85, 100, 30, 85, 45),
(600, 75, 75, 125, 30, 75, 85),
(601, 45, 70, 53, 40, 60, 42),
(602, 55, 90, 63, 50, 80, 42),
(603, 75, 80, 103, 70, 80, 92),
(604, 30, 59, 45, 30, 39, 57),
(605, 40, 99, 55, 40, 79, 47),
(606, 60, 89, 100, 55, 69, 112),
(607, 40, 60, 27, 37, 50, 66),
(608, 60, 85, 67, 77, 75, 116),
(609, 45, 50, 35, 70, 50, 30),
(610, 70, 75, 60, 110, 75, 90),
(611, 70, 65, 92, 80, 55, 98),
(612, 50, 35, 72, 35, 35, 65),
(613, 60, 45, 82, 45, 45, 74),
(614, 95, 80, 117, 65, 70, 92),
(615, 70, 45, 90, 15, 45, 50),
(616, 105, 55, 140, 30, 55, 95),
(617, 105, 105, 30, 140, 105, 55),
(618, 75, 67, 86, 106, 67, 60),
(619, 50, 85, 65, 35, 35, 55),
(620, 70, 125, 95, 65, 75, 45),
(621, 50, 70, 75, 35, 70, 48),
(622, 65, 115, 90, 45, 115, 58),
(623, 72, 80, 58, 103, 80, 97),
(624, 38, 85, 30, 55, 65, 30),
(625, 58, 145, 50, 95, 105, 30),
(626, 54, 103, 78, 53, 45, 22),
(627, 74, 133, 108, 83, 65, 32),
(628, 55, 45, 112, 74, 45, 70),
(629, 75, 65, 140, 112, 65, 110),
(630, 50, 62, 50, 40, 62, 65),
(631, 80, 82, 95, 60, 82, 75),
(632, 40, 40, 65, 80, 40, 65),
(633, 60, 60, 105, 120, 60, 105),
(634, 55, 40, 50, 40, 40, 75),
(635, 75, 60, 95, 65, 60, 115),
(636, 45, 50, 30, 55, 65, 45),
(637, 60, 70, 45, 75, 85, 55),
(638, 70, 95, 55, 95, 110, 65),
(639, 45, 40, 30, 105, 50, 20),
(640, 65, 50, 40, 125, 60, 30),
(641, 110, 75, 65, 125, 85, 30),
(642, 62, 50, 44, 44, 50, 55),
(643, 75, 63, 87, 87, 63, 98),
(644, 36, 50, 50, 65, 60, 44),
(645, 51, 65, 65, 80, 75, 59),
(646, 71, 85, 95, 110, 95, 79),
(647, 60, 50, 60, 40, 50, 75),
(648, 80, 70, 100, 60, 70, 95),
(649, 55, 60, 75, 75, 60, 103),
(650, 50, 45, 75, 40, 45, 60),
(651, 70, 105, 135, 60, 105, 20),
(652, 69, 45, 55, 55, 55, 15),
(653, 114, 70, 85, 85, 80, 30),
(654, 55, 50, 40, 65, 85, 40),
(655, 100, 70, 60, 85, 105, 60),
(656, 165, 80, 75, 40, 45, 65),
(657, 50, 50, 47, 57, 50, 65),
(658, 70, 60, 77, 97, 60, 108),
(659, 44, 91, 50, 24, 86, 10),
(660, 74, 131, 94, 54, 116, 20),
(661, 40, 70, 55, 45, 60, 30),
(662, 60, 95, 80, 70, 85, 50),
(663, 60, 115, 100, 70, 85, 90),
(664, 35, 40, 55, 45, 40, 60),
(665, 65, 70, 85, 75, 70, 40),
(666, 85, 80, 115, 105, 80, 50),
(667, 55, 55, 55, 85, 55, 30),
(668, 75, 75, 75, 125, 95, 40),
(669, 50, 55, 30, 65, 55, 20),
(670, 60, 60, 40, 95, 60, 55),
(671, 60, 90, 55, 145, 90, 80),
(672, 46, 60, 87, 30, 40, 57),
(673, 66, 70, 117, 40, 50, 67),
(674, 76, 90, 147, 60, 70, 97),
(675, 55, 40, 70, 60, 40, 40),
(676, 95, 80, 110, 70, 80, 50),
(677, 70, 30, 50, 95, 135, 105),
(678, 50, 85, 40, 40, 65, 25),
(679, 80, 40, 70, 100, 60, 145),
(680, 109, 84, 66, 81, 99, 32),
(681, 45, 50, 85, 55, 50, 65),
(682, 65, 60, 125, 95, 60, 105),
(683, 77, 90, 120, 60, 90, 48),
(684, 59, 50, 74, 35, 50, 35),
(685, 89, 80, 124, 55, 80, 55),
(686, 45, 70, 85, 40, 40, 60),
(687, 65, 100, 125, 60, 70, 70),
(688, 95, 95, 110, 40, 95, 55),
(689, 70, 50, 83, 37, 50, 60),
(690, 100, 75, 123, 57, 75, 80),
(691, 70, 75, 55, 45, 65, 60),
(692, 110, 105, 65, 55, 95, 80),
(693, 85, 66, 97, 105, 66, 65),
(694, 58, 112, 109, 48, 48, 109),
(695, 52, 50, 65, 45, 50, 38),
(696, 72, 70, 85, 65, 70, 58),
(697, 92, 90, 105, 125, 90, 98),
(698, 55, 55, 85, 50, 55, 60),
(699, 85, 65, 60, 135, 105, 100),
(700, 91, 129, 90, 90, 72, 108),
(701, 91, 90, 129, 72, 90, 108),
(702, 91, 72, 90, 90, 129, 108),
(703, 79, 70, 115, 125, 80, 111),
(704, 79, 80, 100, 110, 90, 121),
(705, 79, 70, 115, 125, 80, 111),
(706, 79, 70, 105, 145, 80, 101),
(707, 100, 100, 120, 150, 120, 90),
(708, 100, 120, 150, 120, 100, 90),
(709, 89, 90, 125, 115, 80, 101),
(710, 89, 90, 145, 105, 80, 91),
(711, 125, 90, 130, 130, 90, 95),
(712, 125, 100, 170, 120, 90, 95),
(713, 125, 90, 120, 170, 100, 95),
(714, 91, 90, 72, 129, 90, 108),
(715, 91, 90, 72, 129, 90, 108),
(716, 100, 77, 77, 128, 128, 90),
(717, 100, 90, 128, 77, 77, 128),
(718, 71, 95, 120, 120, 95, 99),
(719, 56, 65, 61, 48, 45, 38),
(720, 61, 95, 78, 56, 58, 57),
(721, 88, 122, 107, 74, 75, 64),
(722, 40, 40, 45, 62, 60, 60),
(723, 59, 58, 59, 90, 70, 73),
(724, 75, 72, 69, 114, 100, 104),
(725, 41, 40, 56, 62, 44, 71),
(726, 54, 52, 63, 83, 56, 97),
(727, 72, 67, 95, 103, 71, 122),
(728, 38, 38, 36, 32, 36, 57),
(729, 85, 77, 56, 50, 77, 78),
(730, 45, 43, 50, 40, 38, 62),
(731, 62, 55, 73, 56, 52, 84),
(732, 78, 71, 81, 74, 69, 126),
(733, 38, 40, 35, 27, 25, 35),
(734, 45, 60, 22, 27, 30, 29),
(735, 80, 50, 52, 90, 50, 89),
(736, 62, 58, 50, 73, 54, 72),
(737, 86, 72, 68, 109, 66, 106),
(738, 44, 39, 38, 61, 79, 42),
(739, 54, 47, 45, 75, 98, 52),
(740, 78, 68, 65, 112, 154, 75),
(741, 66, 48, 65, 62, 57, 52),
(742, 123, 62, 100, 97, 81, 68),
(743, 67, 62, 82, 46, 48, 43),
(744, 95, 78, 124, 69, 71, 58),
(745, 75, 60, 80, 65, 90, 102),
(746, 62, 54, 48, 63, 60, 68),
(747, 74, 76, 48, 83, 81, 104),
(748, 74, 76, 48, 83, 81, 104),
(749, 45, 100, 80, 35, 37, 28),
(750, 59, 150, 110, 45, 49, 35),
(751, 60, 50, 150, 150, 50, 60),
(752, 60, 150, 50, 50, 150, 60),
(753, 78, 60, 52, 63, 65, 23),
(754, 101, 72, 72, 99, 89, 29),
(755, 62, 66, 48, 59, 57, 49),
(756, 82, 86, 80, 85, 75, 72),
(757, 53, 53, 54, 37, 46, 45),
(758, 86, 88, 92, 68, 75, 73),
(759, 42, 67, 52, 39, 56, 50),
(760, 72, 115, 105, 54, 86, 68),
(761, 50, 60, 60, 60, 60, 30),
(762, 65, 90, 75, 97, 123, 44),
(763, 50, 62, 53, 58, 63, 44),
(764, 71, 88, 73, 120, 89, 59),
(765, 44, 33, 38, 61, 43, 70),
(766, 62, 52, 55, 109, 94, 109),
(767, 58, 77, 89, 45, 45, 48),
(768, 82, 119, 121, 69, 59, 71),
(769, 77, 50, 59, 67, 63, 46),
(770, 123, 72, 77, 99, 92, 58),
(771, 95, 65, 65, 110, 130, 60),
(772, 78, 75, 92, 74, 63, 118),
(773, 67, 57, 58, 81, 67, 101),
(774, 50, 150, 50, 50, 150, 50),
(775, 45, 35, 50, 55, 75, 40),
(776, 68, 53, 75, 83, 113, 60),
(777, 90, 70, 100, 110, 150, 80),
(778, 57, 91, 80, 80, 87, 75),
(779, 43, 48, 70, 50, 60, 38),
(780, 85, 76, 110, 65, 82, 56),
(781, 49, 70, 66, 44, 55, 51),
(782, 44, 70, 66, 44, 55, 56),
(783, 54, 70, 66, 44, 55, 46),
(784, 59, 70, 66, 44, 55, 41),
(785, 65, 122, 90, 58, 75, 84),
(786, 55, 122, 85, 58, 75, 99),
(787, 75, 122, 95, 58, 75, 69),
(788, 85, 122, 100, 58, 75, 54),
(789, 55, 85, 69, 32, 35, 28),
(790, 95, 184, 117, 44, 46, 28),
(791, 40, 35, 30, 45, 40, 55),
(792, 85, 80, 70, 97, 80, 123),
(793, 126, 95, 131, 131, 98, 99),
(794, 126, 95, 131, 131, 98, 99),
(795, 108, 121, 100, 81, 95, 95),
(796, 50, 150, 100, 100, 150, 50),
(797, 50, 110, 160, 160, 110, 110),
(798, 80, 60, 110, 150, 130, 70),
(799, 80, 60, 160, 170, 130, 80),
(800, 80, 120, 110, 130, 90, 70);

CREATE TABLE Talents (
  Id_Talents integer NOT NULL DEFAULT '0',
  nom varchar(32) DEFAULT NULL
) ;

INSERT INTO Talents (Id_Talents, nom) VALUES
(1, 'stench'),
(2, 'drizzle'),
(3, 'speed-boost'),
(4, 'battle-armor'),
(5, 'sturdy'),
(6, 'damp'),
(7, 'limber'),
(8, 'sand-veil'),
(9, 'static'),
(10, 'volt-absorb'),
(11, 'water-absorb'),
(12, 'oblivious'),
(13, 'cloud-nine'),
(14, 'compound-eyes'),
(15, 'insomnia'),
(16, 'color-change'),
(17, 'immunity'),
(18, 'flash-fire'),
(19, 'shield-dust'),
(20, 'own-tempo'),
(21, 'suction-cups'),
(22, 'integerimidate'),
(23, 'shadow-tag'),
(24, 'rough-skin'),
(25, 'wonder-guard'),
(26, 'levitate'),
(27, 'effect-spore'),
(28, 'synchronize'),
(29, 'clear-body'),
(30, 'natural-cure'),
(31, 'lightning-rod'),
(32, 'serene-grace'),
(33, 'swift-swim'),
(34, 'chlorophyll'),
(35, 'illuminate'),
(36, 'trace'),
(37, 'huge-power'),
(38, 'poison-pointeger'),
(39, 'inner-focus'),
(40, 'magma-armor'),
(41, 'water-veil'),
(42, 'magnet-pull'),
(43, 'soundproof'),
(44, 'rain-dish'),
(45, 'sand-stream'),
(46, 'pressure'),
(47, 'thick-fat'),
(48, 'early-bird'),
(49, 'flame-body'),
(50, 'run-away'),
(51, 'keen-eye'),
(52, 'hyper-cutter'),
(53, 'pickup'),
(54, 'truant'),
(55, 'hustle'),
(56, 'cute-charm'),
(57, 'plus'),
(58, 'minus'),
(59, 'forecast'),
(60, 'sticky-hold'),
(61, 'shed-skin'),
(62, 'guts'),
(63, 'marvel-scale'),
(64, 'liquid-ooze'),
(65, 'overgrow'),
(66, 'blaze'),
(67, 'torrent'),
(68, 'swarm'),
(69, 'rock-head'),
(70, 'drought'),
(71, 'arena-trap'),
(72, 'vital-spirit'),
(73, 'white-smoke'),
(74, 'pure-power'),
(75, 'shell-armor'),
(76, 'air-lock'),
(77, 'tangled-feet'),
(78, 'motor-drive'),
(79, 'rivalry'),
(80, 'steadfast'),
(81, 'snow-cloak'),
(82, 'gluttony'),
(83, 'anger-pointeger'),
(84, 'unburden'),
(85, 'heatproof'),
(86, 'simple'),
(87, 'dry-skin'),
(88, 'download'),
(89, 'iron-fist'),
(90, 'poison-heal'),
(91, 'adaptability'),
(92, 'skill-link'),
(93, 'hydration'),
(94, 'solar-power'),
(95, 'quick-feet'),
(96, 'normalize'),
(97, 'sniper'),
(98, 'magic-guard'),
(99, 'no-guard'),
(100, 'stall'),
(101, 'technician'),
(102, 'leaf-guard'),
(103, 'klutz'),
(104, 'mold-breaker'),
(105, 'super-luck'),
(106, 'aftermath'),
(107, 'anticipation'),
(108, 'forewarn'),
(109, 'unaware'),
(110, 'tintegered-lens'),
(111, 'filter'),
(112, 'slow-start'),
(113, 'scrappy'),
(114, 'storm-drain'),
(115, 'ice-body'),
(116, 'solid-rock'),
(117, 'snow-warning'),
(118, 'honey-gather'),
(119, 'frisk'),
(120, 'reckless'),
(121, 'multitype'),
(122, 'flower-gift'),
(123, 'bad-dreams'),
(124, 'pickpocket'),
(125, 'sheer-force'),
(126, 'contrary'),
(127, 'unnerve'),
(128, 'defiant'),
(129, 'defeatist'),
(130, 'cursed-body'),
(131, 'healer'),
(132, 'friend-guard'),
(133, 'weak-armor'),
(134, 'heavy-metal'),
(135, 'light-metal'),
(136, 'multiscale'),
(137, 'toxic-boost'),
(138, 'flare-boost'),
(139, 'harvest'),
(140, 'telepathy'),
(141, 'moody'),
(142, 'overcoat'),
(143, 'poison-touch'),
(144, 'regenerator'),
(145, 'big-pecks'),
(146, 'sand-rush'),
(147, 'wonder-skin'),
(148, 'analytic'),
(149, 'illusion'),
(150, 'imposter'),
(151, 'infiltrator'),
(152, 'mummy'),
(153, 'moxie'),
(154, 'justified'),
(155, 'rattled'),
(156, 'magic-bounce'),
(157, 'sap-sipper'),
(158, 'prankster'),
(159, 'sand-force'),
(160, 'iron-barbs'),
(161, 'zen-mode'),
(162, 'victory-star'),
(163, 'turboblaze'),
(164, 'teravolt'),
(165, 'aroma-veil'),
(166, 'flower-veil'),
(167, 'cheek-pouch'),
(168, 'protean'),
(169, 'fur-coat'),
(170, 'magician'),
(171, 'bulletproof'),
(172, 'competitive'),
(173, 'strong-jaw'),
(174, 'refrigerate'),
(175, 'sweet-veil'),
(176, 'stance-change'),
(177, 'gale-wings'),
(178, 'mega-launcher'),
(179, 'grass-pelt'),
(180, 'symbiosis'),
(181, 'tough-claws'),
(182, 'pixilate'),
(183, 'gooey'),
(184, 'aerilate'),
(185, 'parental-bond'),
(186, 'dark-aura'),
(187, 'fairy-aura'),
(188, 'aura-break'),
(189, 'primordial-sea'),
(190, 'desolate-land'),
(191, 'delta-stream'),
(192, 'stamina'),
(193, 'wimp-out'),
(194, 'emergency-exit'),
(195, 'water-compactio'),
(196, 'merciless'),
(197, 'shields-down'),
(198, 'stakeout'),
(199, 'water-bubble'),
(200, 'steelworker'),
(201, 'berserk'),
(202, 'slush-rush'),
(203, 'long-reach'),
(204, 'liquid-voice'),
(205, 'triage'),
(206, 'galvanize'),
(207, 'surge-surfer'),
(208, 'schooling'),
(209, 'disguise'),
(210, 'battle-bond'),
(211, 'power-construct'),
(212, 'corrosion'),
(213, 'comatose'),
(214, 'queenly-majesty'),
(215, 'innards-out'),
(216, 'dancer'),
(217, 'battery'),
(218, 'fluffy'),
(219, 'dazzling'),
(220, 'soul-heart'),
(221, 'tangling-hair'),
(222, 'receiver'),
(223, 'power-of-alchem'),
(224, 'beast-boost'),
(225, 'rks-system'),
(226, 'electric-surge'),
(227, 'psychic-surge'),
(228, 'misty-surge'),
(229, 'grassy-surge'),
(230, 'full-metal-body'),
(231, 'shadow-shield'),
(232, 'prism-armor'),
(233, 'neuroforce'),
(10001, 'mountaineer'),
(10002, 'wave-rider'),
(10003, 'skater'),
(10004, 'thrust'),
(10005, 'perception'),
(10006, 'parry'),
(10007, 'instinct'),
(10008, 'dodge'),
(10009, 'jagged-edge'),
(10010, 'frostbite'),
(10011, 'tenacity'),
(10012, 'pride'),
(10013, 'deep-sleep'),
(10014, 'power-nap'),
(10015, 'spirit'),
(10016, 'warm-blanket'),
(10017, 'gulp'),
(10018, 'herbivore'),
(10019, 'sandpit'),
(10020, 'hot-blooded'),
(10021, 'medic'),
(10022, 'life-force'),
(10023, 'lunchbox'),
(10024, 'nurse'),
(10025, 'melee'),
(10026, 'sponge'),
(10027, 'bodyguard'),
(10028, 'hero'),
(10029, 'last-bastion'),
(10030, 'stealth'),
(10031, 'vanguard'),
(10032, 'nomad'),
(10033, 'sequence'),
(10034, 'grass-cloak'),
(10035, 'celebrate'),
(10036, 'lullaby'),
(10037, 'calming'),
(10038, 'daze'),
(10039, 'frighten'),
(10040, 'integererference'),
(10041, 'mood-maker'),
(10042, 'confidence'),
(10043, 'fortune'),
(10044, 'bonanza'),
(10045, 'explode'),
(10046, 'omnipotent'),
(10047, 'share'),
(10048, 'black-hole'),
(10049, 'shadow-dash'),
(10050, 'sprinteger'),
(10051, 'disgust'),
(10052, 'high-rise'),
(10053, 'climber'),
(10054, 'flame-boost'),
(10055, 'aqua-boost'),
(10056, 'run-up'),
(10057, 'conqueror'),
(10058, 'shackle'),
(10059, 'decoy'),
(10060, 'shield');

CREATE TABLE Type (
  Id_Type integer NOT NULL DEFAULT '0',
  nom varchar(20) DEFAULT NULL
) ;

INSERT INTO Type (Id_Type, nom) VALUES
(1, 'normal'),
(2, 'fighting'),
(3, 'flying'),
(4, 'poison'),
(5, 'ground'),
(6, 'rock'),
(7, 'bug'),
(8, 'ghost'),
(9, 'steel'),
(10, 'fire'),
(11, 'water'),
(12, 'grass'),
(13, 'electric'),
(14, 'psychic'),
(15, 'ice'),
(16, 'dragon'),
(17, 'dark'),
(18, 'fairy'),
(10001, 'unknown'),
(10002, 'shadow');


ALTER TABLE Apparait
  ADD PRIMARY KEY (Id_Pokémon,Id_Génération);
--  ADD KEY Apparait_ibfk_2 (Id_Génération);

ALTER TABLE Apprend
  ADD PRIMARY KEY (Id_Pokémon,Id_Capacité);
--  ADD KEY Apprend_ibfk_2 (Id_Capacité);

ALTER TABLE Capacité
  ADD PRIMARY KEY (Id_Capacité);
--  ADD KEY Capacité_ibfk_1 (Id_Type);

ALTER TABLE Efficacité
  ADD PRIMARY KEY (Id_Type,Id_Type_1);
--  ADD KEY Efficacité_ibfk_2 (Id_Type_1);

ALTER TABLE Est_doté
  ADD PRIMARY KEY (Id_Pokémon,Id_Talents);
--  ADD KEY Est_doté_ibfk_2 (Id_Talents);

ALTER TABLE Est_pourvu
  ADD PRIMARY KEY (Id_Pokémon,Id_Statistiques);
--  ADD KEY Est_pourvu_ibfk_2 (Id_Statistiques);

ALTER TABLE Evolue
  ADD PRIMARY KEY (Id_Pokémon,Id_Pokémon_1);
--  ADD KEY Id_Pokémon_1 (Id_Pokémon_1);

ALTER TABLE Génération
  ADD PRIMARY KEY (Id_Génération);

ALTER TABLE Pokémon
  ADD PRIMARY KEY (Id_Pokémon);

ALTER TABLE Possède
  ADD PRIMARY KEY (Id_Pokémon,Id_Type);
--  ADD KEY Possède_ibfk_2 (Id_Type);

ALTER TABLE Statistiques
  ADD PRIMARY KEY (Id_Statistiques);

ALTER TABLE Talents
  ADD PRIMARY KEY (Id_Talents);

ALTER TABLE Type
  ADD PRIMARY KEY (Id_Type);

/*ALTER TABLE Statistiques
  MODIFY Id_Statistiques integer NOT NULL AUTO_INCREMENT, AUTO_INCREMENT=801;*/

ALTER TABLE Apparait
  ADD CONSTRAINT Apparait_ibfk_1 FOREIGN KEY (Id_Pokémon) REFERENCES Pokémon (Id_Pokémon) ON DELETE NO ACTION ON UPDATE CASCADE,
  ADD CONSTRAINT Apparait_ibfk_2 FOREIGN KEY (Id_Génération) REFERENCES Génération (Id_Génération) ON DELETE NO ACTION ON UPDATE CASCADE;

ALTER TABLE Apprend
  ADD CONSTRAINT Apprend_ibfk_2 FOREIGN KEY (Id_Capacité) REFERENCES Capacité (Id_Capacité) ON UPDATE CASCADE,
  ADD CONSTRAINT Apprend_ibfk_1 FOREIGN KEY (Id_Pokémon) REFERENCES Pokémon (Id_Pokémon) ON UPDATE CASCADE;

ALTER TABLE Capacité
  ADD CONSTRAINT Capacité_ibfk_1 FOREIGN KEY (Id_Type) REFERENCES Type (Id_Type) ON UPDATE CASCADE;

ALTER TABLE Efficacité
  ADD CONSTRAINT Efficacité_ibfk_2 FOREIGN KEY (Id_Type_1) REFERENCES Type (Id_Type) ON UPDATE CASCADE,
  ADD CONSTRAINT Efficacité_ibfk_1 FOREIGN KEY (Id_Type) REFERENCES Type (Id_Type) ON UPDATE CASCADE;

ALTER TABLE Est_doté
  ADD CONSTRAINT Est_doté_ibfk_2 FOREIGN KEY (Id_Talents) REFERENCES Talents (Id_Talents) ON UPDATE CASCADE,
  ADD CONSTRAINT Est_doté_ibfk_1 FOREIGN KEY (Id_Pokémon) REFERENCES Pokémon (Id_Pokémon) ON UPDATE CASCADE;

ALTER TABLE Est_pourvu
  ADD CONSTRAINT Est_pourvu_ibfk_2 FOREIGN KEY (Id_Statistiques) REFERENCES Statistiques (Id_Statistiques) ON UPDATE CASCADE,
  ADD CONSTRAINT Est_pourvu_ibfk_1 FOREIGN KEY (Id_Pokémon) REFERENCES Pokémon (Id_Pokémon) ON UPDATE CASCADE;

ALTER TABLE Possède
  ADD CONSTRAINT Possède_ibfk_2 FOREIGN KEY (Id_Type) REFERENCES Type (Id_Type) ON UPDATE CASCADE,
  ADD CONSTRAINT Possède_ibfk_1 FOREIGN KEY (Id_Pokémon) REFERENCES Pokémon (Id_Pokémon) ON UPDATE CASCADE;
